id,y
0,1
1,2
2,3
3,4
4,5
5,6
6,7
7,8
8,9
9,10
10,11
11,12
12,13
13,14
14,15
15,16
16,17
17,18
18,19
19,20
20,21
21,22
22,23
23,24
24,25
25,26
26,27
27,28
28,29
29,30
30,31
31,32
32,33
33,34
34,35
35,36
36,37
37,38
38,39
39,40
40,41
41,42
42,43
43,44
44,45
45,46
46,47
47,48
48,49
49,50
50,51
51,52
52,53
53,54
54,55
55,56
56,57
57,58
58,59
59,60
60,61
61,62
62,63
63,64
64,65
65,66
66,67
67,68
68,69
69,70
70,71
71,72
72,73
73,74
74,75
75,76
76,77
77,78
78,79
79,80
80,81
81,82
82,83
83,84
84,85
85,86
86,87
87,88
88,89
89,90
90,91
91,92
92,93
93,94
94,95
95,96
96,97
97,98
98,99
99,100
100,101
101,102
102,103
103,104
104,105
105,106
106,107
107,108
108,109
109,110
110,111
111,112
112,113
113,114
114,115
115,116
116,117
117,118
118,119
119,120
120,121
121,122
122,123
123,124
124,125
125,126
126,127
127,128
128,129
129,130
130,131
131,132
132,133
133,134
134,135
135,136
136,137
137,138
138,139
139,140
140,141
141,142
142,143
143,144
144,145
145,146
146,147
147,148
148,149
149,150
150,151
151,152
152,153
153,154
154,155
155,156
156,157
157,158
158,159
159,160
160,161
161,162
162,163
163,164
164,165
165,166
166,167
167,168
168,169
169,170
170,171
171,172
172,173
173,174
174,175
175,176
176,177
177,178
178,179
179,180
180,181
181,182
182,183
183,184
184,185
185,186
186,187
187,188
188,189
189,190
190,191
191,192
192,193
193,194
194,195
195,196
196,197
197,198
198,199
199,200
200,201
201,202
202,203
203,204
204,205
205,206
206,207
207,208
208,209
209,210
210,211
211,212
212,213
213,214
214,215
215,216
216,217
217,218
218,219
219,220
220,221
221,222
222,223
223,224
224,225
225,226
226,227
227,228
228,229
229,230
230,231
231,232
232,233
233,234
234,235
235,236
236,237
237,238
238,239
239,240
240,241
241,242
242,243
243,244
244,245
245,246
246,247
247,248
248,249
249,250
250,251
251,252
252,253
253,254
254,255
255,256
256,257
257,258
258,259
259,260
260,261
261,262
262,263
263,264
264,265
265,266
266,267
267,268
268,269
269,270
270,271
271,272
272,273
273,274
274,275
275,276
276,277
277,278
278,279
279,280
280,281
281,282
282,283
283,284
284,285
285,286
286,287
287,288
288,289
289,290
290,291
291,292
292,293
293,294
294,295
295,296
296,297
297,298
298,299
299,300
300,301
301,302
302,303
303,304
304,305
305,306
306,307
307,308
308,309
309,310
310,311
311,312
312,313
313,314
314,315
315,316
316,317
317,318
318,319
319,320
320,321
321,322
322,323
323,324
324,325
325,326
326,327
327,328
328,329
329,330
330,331
331,332
332,333
333,334
334,335
335,336
336,337
337,338
338,339
339,340
340,341
341,342
342,343
343,344
344,345
345,346
346,347
347,348
348,349
349,350
350,351
351,352
352,353
353,354
354,355
355,356
356,357
357,358
358,359
359,360
360,361
361,362
362,363
363,364
364,365
365,366
366,367
367,368
368,369
369,370
370,371
371,372
372,373
373,374
374,375
375,376
376,377
377,378
378,379
379,380
380,381
381,382
382,383
383,384
384,385
385,386
386,387
387,388
388,389
389,390
390,391
391,392
392,393
393,394
394,395
395,396
396,397
397,398
398,399
399,400
400,401
401,402
402,403
403,404
404,405
405,406
406,407
407,408
408,409
409,410
410,411
411,412
412,413
413,414
414,415
415,416
416,417
417,418
418,419
419,420
420,421
421,422
422,423
423,424
424,425
425,426
426,427
427,428
428,429
429,430
430,431
431,432
432,433
433,434
434,435
435,436
436,437
437,438
438,439
439,440
440,441
441,442
442,443
443,444
444,445
445,446
446,447
447,448
448,449
449,450
450,451
451,452
452,453
453,454
454,455
455,456
456,457
457,458
458,459
459,460
460,461
461,462
462,463
463,464
464,465
465,466
466,467
467,468
468,469
469,470
470,471
471,472
472,473
473,474
474,475
475,476
476,477
477,478
478,479
479,480
480,481
481,482
482,483
483,484
484,485
485,486
486,487
487,488
488,489
489,490
490,491
491,492
492,493
493,494
494,495
495,496
496,497
497,498
498,499
499,500
500,501
501,502
502,503
503,504
504,505
505,506
506,507
507,508
508,509
509,510
510,511
511,512
512,513
513,514
514,515
515,516
516,517
517,518
518,519
519,520
520,521
521,522
522,523
523,524
524,525
525,526
526,527
527,528
528,529
529,530
530,531
531,532
532,533
533,534
534,535
535,536
536,537
537,538
538,539
539,540
540,541
541,542
542,543
543,544
544,545
545,546
546,547
547,548
548,549
549,550
550,551
551,552
552,553
553,554
554,555
555,556
556,557
557,558
558,559
559,560
560,561
561,562
562,563
563,564
564,565
565,566
566,567
567,568
568,569
569,570
570,571
571,572
572,573
573,574
574,575
575,576
576,577
577,578
578,579
579,580
580,581
581,582
582,583
583,584
584,585
585,586
586,587
587,588
588,589
589,590
590,591
591,592
592,593
593,594
594,595
595,596
596,597
597,598
598,599
599,600
600,601
601,602
602,603
603,604
604,605
605,606
606,607
607,608
608,609
609,610
610,611
611,612
612,613
613,614
614,615
615,616
616,617
617,618
618,619
619,620
620,621
621,622
622,623
623,624
624,625
625,626
626,627
627,628
628,629
629,630
630,631
631,632
632,633
633,634
634,635
635,636
636,637
637,638
638,639
639,640
640,641
641,642
642,643
643,644
644,645
645,646
646,647
647,648
648,649
649,650
650,651
651,652
652,653
653,654
654,655
655,656
656,657
657,658
658,659
659,660
660,661
661,662
662,663
663,664
664,665
665,666
666,667
667,668
668,669
669,670
670,671
671,672
672,673
673,674
674,675
675,676
676,677
677,678
678,679
679,680
680,681
681,682
682,683
683,684
684,685
685,686
686,687
687,688
688,689
689,690
690,691
691,692
692,693
693,694
694,695
695,696
696,697
697,698
698,699
699,700
700,701
701,702
702,703
703,704
704,705
705,706
706,707
707,708
708,709
709,710
710,711
711,712
712,713
713,714
714,715
715,716
716,717
717,718
718,719
719,720
720,721
721,722
722,723
723,724
724,725
725,726
726,727
727,728
728,729
729,730
730,731
731,732
732,733
733,734
734,735
735,736
736,737
737,738
738,739
739,740
740,741
741,742
742,743
743,744
744,745
745,746
746,747
747,748
748,749
749,750
750,751
751,752
752,753
753,754
754,755
755,756
756,757
757,758
758,759
759,760
760,761
761,762
762,763
763,764
764,765
765,766
766,767
767,768
768,769
769,770
770,771
771,772
772,773
773,774
774,775
775,776
776,777
777,778
778,779
779,780
780,781
781,782
782,783
783,784
784,785
785,786
786,787
787,788
788,789
789,790
790,791
791,792
792,793
793,794
794,795
795,796
796,797
797,798
798,799
799,800
800,801
801,802
802,803
803,804
804,805
805,806
806,807
807,808
808,809
809,810
810,811
811,812
812,813
813,814
814,815
815,816
816,817
817,818
818,819
819,820
820,821
821,822
822,823
823,824
824,825
825,826
826,827
827,828
828,829
829,830
830,831
831,832
832,833
833,834
834,835
835,836
836,837
837,838
838,839
839,840
840,841
841,842
842,843
843,844
844,845
845,846
846,847
847,848
848,849
849,850
850,851
851,852
852,853
853,854
854,855
855,856
856,857
857,858
858,859
859,860
860,861
861,862
862,863
863,864
864,865
865,866
866,867
867,868
868,869
869,870
870,871
871,872
872,873
873,874
874,875
875,876
876,877
877,878
878,879
879,880
880,881
881,882
882,883
883,884
884,885
885,886
886,887
887,888
888,889
889,890
890,891
891,892
892,893
893,894
894,895
895,896
896,897
897,898
898,899
899,900
900,901
901,902
902,903
903,904
904,905
905,906
906,907
907,908
908,909
909,910
910,911
911,912
912,913
913,914
914,915
915,916
916,917
917,918
918,919
919,920
920,921
921,922
922,923
923,924
924,925
925,926
926,927
927,928
928,929
929,930
930,931
931,932
932,933
933,934
934,935
935,936
936,937
937,938
938,939
939,940
940,941
941,942
942,943
943,944
944,945
945,946
946,947
947,948
948,949
949,950
950,951
951,952
952,953
953,954
954,955
955,956
956,957
957,958
958,959
959,960
960,961
961,962
962,963
963,964
964,965
965,966
966,967
967,968
968,969
969,970
970,971
971,972
972,973
973,974
974,975
975,976
976,977
977,978
978,979
979,980
980,981
981,982
982,983
983,984
984,985
985,986
986,987
987,988
988,989
989,990
990,991
991,992
992,993
993,994
994,995
995,996
996,997
997,998
998,999
999,1
1000,1
1001,1
1002,1
1003,1
1004,1
1005,1
1006,1
1007,1
1008,1
1009,1
1010,1
1011,1
1012,1
1013,1
1014,1
1015,1
1016,1
1017,1
1018,1
1019,1
1020,1
1021,1
1022,1
1023,1
1024,1
1025,1
1026,1
1027,1
1028,1
1029,1
1030,1
1031,1
1032,1
1033,1
1034,1
1035,1
1036,1
1037,1
1038,1
1039,1
1040,1
1041,1
1042,1
1043,1
1044,1
1045,1
1046,1
1047,1
1048,1
1049,1
1050,1
1051,1
1052,1
1053,1
1054,1
1055,1
1056,1
1057,1
1058,1
1059,1
1060,1
1061,1
1062,1
1063,1
1064,1
1065,1
1066,1
1067,1
1068,1
1069,1
1070,1
1071,1
1072,1
1073,1
1074,1
1075,1
1076,1
1077,1
1078,1
1079,1
1080,1
1081,1
1082,1
1083,1
1084,1
1085,1
1086,1
1087,1
1088,1
1089,1
1090,1
1091,1
1092,1
1093,1
1094,1
1095,1
1096,1
1097,1
1098,1
1099,1
1100,1
1101,1
1102,1
1103,1
1104,1
1105,1
1106,1
1107,1
1108,1
1109,1
1110,1
1111,1
1112,1
1113,1
1114,1
1115,1
1116,1
1117,1
1118,1
1119,1
1120,1
1121,1
1122,1
1123,1
1124,1
1125,1
1126,1
1127,1
1128,1
1129,1
1130,1
1131,1
1132,1
1133,1
1134,1
1135,1
1136,1
1137,1
1138,1
1139,1
1140,1
1141,1
1142,1
1143,1
1144,1
1145,1
1146,1
1147,1
1148,1
1149,1
1150,1
1151,1
1152,1
1153,1
1154,1
1155,1
1156,1
1157,1
1158,1
1159,1
1160,1
1161,1
1162,1
1163,1
1164,1
1165,1
1166,1
1167,1
1168,1
1169,1
1170,1
1171,1
1172,1
1173,1
1174,1
1175,1
1176,1
1177,1
1178,1
1179,1
1180,1
1181,1
1182,1
1183,1
1184,1
1185,1
1186,1
1187,1
1188,1
1189,1
1190,1
1191,1
1192,1
1193,1
1194,1
1195,1
1196,1
1197,1
1198,1
1199,1
1200,1
1201,1
1202,1
1203,1
1204,1
1205,1
1206,1
1207,1
1208,1
1209,1
1210,1
1211,1
1212,1
1213,1
1214,1
1215,1
1216,1
1217,1
1218,1
1219,1
1220,1
1221,1
1222,1
1223,1
1224,1
1225,1
1226,1
1227,1
1228,1
1229,1
1230,1
1231,1
1232,1
1233,1
1234,1
1235,1
1236,1
1237,1
1238,1
1239,1
1240,1
1241,1
1242,1
1243,1
1244,1
1245,1
1246,1
1247,1
1248,1
1249,1
1250,1
1251,1
1252,1
1253,1
1254,1
1255,1
1256,1
1257,1
1258,1
1259,1
1260,1
1261,1
1262,1
1263,1
1264,1
1265,1
1266,1
1267,1
1268,1
1269,1
1270,1
1271,1
1272,1
1273,1
1274,1
1275,1
1276,1
1277,1
1278,1
1279,1
1280,1
1281,1
1282,1
1283,1
1284,1
1285,1
1286,1
1287,1
1288,1
1289,1
1290,1
1291,1
1292,1
1293,1
1294,1
1295,1
1296,1
1297,1
1298,1
1299,1
1300,1
1301,1
1302,1
1303,1
1304,1
1305,1
1306,1
1307,1
1308,1
1309,1
1310,1
1311,1
1312,1
1313,1
1314,1
1315,1
1316,1
1317,1
1318,1
1319,1
1320,1
1321,1
1322,1
1323,1
1324,1
1325,1
1326,1
1327,1
1328,1
1329,1
1330,1
1331,1
1332,1
1333,1
1334,1
1335,1
1336,1
1337,1
1338,1
1339,1
1340,1
1341,1
1342,1
1343,1
1344,1
1345,1
1346,1
1347,1
1348,1
1349,1
1350,1
1351,1
1352,1
1353,1
1354,1
1355,1
1356,1
1357,1
1358,1
1359,1
1360,1
1361,1
1362,1
1363,1
1364,1
1365,1
1366,1
1367,1
1368,1
1369,1
1370,1
1371,1
1372,1
1373,1
1374,1
1375,1
1376,1
1377,1
1378,1
1379,1
1380,1
1381,1
1382,1
1383,1
1384,1
1385,1
1386,1
1387,1
1388,1
1389,1
1390,1
1391,1
1392,1
1393,1
1394,1
1395,1
1396,1
1397,1
1398,1
1399,1
1400,1
1401,1
1402,1
1403,1
1404,1
1405,1
1406,1
1407,1
1408,1
1409,1
1410,1
1411,1
1412,1
1413,1
1414,1
1415,1
1416,1
1417,1
1418,1
1419,1
1420,1
1421,1
1422,1
1423,1
1424,1
1425,1
1426,1
1427,1
1428,1
1429,1
1430,1
1431,1
1432,1
1433,1
1434,1
1435,1
1436,1
1437,1
1438,1
1439,1
1440,1
1441,1
1442,1
1443,1
1444,1
1445,1
1446,1
1447,1
1448,1
1449,1
1450,1
1451,1
1452,1
1453,1
1454,1
1455,1
1456,1
1457,1
1458,1
1459,1
1460,1
1461,1
1462,1
1463,1
1464,1
1465,1
1466,1
1467,1
1468,1
1469,1
1470,1
1471,1
1472,1
1473,1
1474,1
1475,1
1476,1
1477,1
1478,1
1479,1
1480,1
1481,1
1482,1
1483,1
1484,1
1485,1
1486,1
1487,1
1488,1
1489,1
1490,1
1491,1
1492,1
1493,1
1494,1
1495,1
1496,1
1497,1
1498,1
1499,1
1500,1
1501,1
1502,1
1503,1
1504,1
1505,1
1506,1
1507,1
1508,1
1509,1
1510,1
1511,1
1512,1
1513,1
1514,1
1515,1
1516,1
1517,1
1518,1
1519,1
1520,1
1521,1
1522,1
1523,1
1524,1
1525,1
1526,1
1527,1
1528,1
1529,1
1530,1
1531,1
1532,1
1533,1
1534,1
1535,1
1536,1
1537,1
1538,1
1539,1
1540,1
1541,1
1542,1
1543,1
1544,1
1545,1
1546,1
1547,1
1548,1
1549,1
1550,1
1551,1
1552,1
1553,1
1554,1
1555,1
1556,1
1557,1
1558,1
1559,1
1560,1
1561,1
1562,1
1563,1
1564,1
1565,1
1566,1
1567,1
1568,1
1569,1
1570,1
1571,1
1572,1
1573,1
1574,1
1575,1
1576,1
1577,1
1578,1
1579,1
1580,1
1581,1
1582,1
1583,1
1584,1
1585,1
1586,1
1587,1
1588,1
1589,1
1590,1
1591,1
1592,1
1593,1
1594,1
1595,1
1596,1
1597,1
1598,1
1599,1
1600,1
1601,1
1602,1
1603,1
1604,1
1605,1
1606,1
1607,1
1608,1
1609,1
1610,1
1611,1
1612,1
1613,1
1614,1
1615,1
1616,1
1617,1
1618,1
1619,1
1620,1
1621,1
1622,1
1623,1
1624,1
1625,1
1626,1
1627,1
1628,1
1629,1
1630,1
1631,1
1632,1
1633,1
1634,1
1635,1
1636,1
1637,1
1638,1
1639,1
1640,1
1641,1
1642,1
1643,1
1644,1
1645,1
1646,1
1647,1
1648,1
1649,1
1650,1
1651,1
1652,1
1653,1
1654,1
1655,1
1656,1
1657,1
1658,1
1659,1
1660,1
1661,1
1662,1
1663,1
1664,1
1665,1
1666,1
1667,1
1668,1
1669,1
1670,1
1671,1
1672,1
1673,1
1674,1
1675,1
1676,1
1677,1
1678,1
1679,1
1680,1
1681,1
1682,1
1683,1
1684,1
1685,1
1686,1
1687,1
1688,1
1689,1
1690,1
1691,1
1692,1
1693,1
1694,1
1695,1
1696,1
1697,1
1698,1
1699,1
1700,1
1701,1
1702,1
1703,1
1704,1
1705,1
1706,1
1707,1
1708,1
1709,1
1710,1
1711,1
1712,1
1713,1
1714,1
1715,1
1716,1
1717,1
1718,1
1719,1
1720,1
1721,1
1722,1
1723,1
1724,1
1725,1
1726,1
1727,1
1728,1
1729,1
1730,1
1731,1
1732,1
1733,1
1734,1
1735,1
1736,1
1737,1
1738,1
1739,1
1740,1
1741,1
1742,1
1743,1
1744,1
1745,1
1746,1
1747,1
1748,1
1749,1
1750,1
1751,1
1752,1
1753,1
1754,1
1755,1
1756,1
1757,1
1758,1
1759,1
1760,1
1761,1
1762,1
1763,1
1764,1
1765,1
1766,1
1767,1
1768,1
1769,1
1770,1
1771,1
1772,1
1773,1
1774,1
1775,1
1776,1
1777,1
1778,1
1779,1
1780,1
1781,1
1782,1
1783,1
1784,1
1785,1
1786,1
1787,1
1788,1
1789,1
1790,1
1791,1
1792,1
1793,1
1794,1
1795,1
1796,1
1797,1
1798,1
1799,1
1800,1
1801,1
1802,1
1803,1
1804,1
1805,1
1806,1
1807,1
1808,1
1809,1
1810,1
1811,1
1812,1
1813,1
1814,1
1815,1
1816,1
1817,1
1818,1
1819,1
1820,1
1821,1
1822,1
1823,1
1824,1
1825,1
1826,1
1827,1
1828,1
1829,1
1830,1
1831,1
1832,1
1833,1
1834,1
1835,1
1836,1
1837,1
1838,1
1839,1
1840,1
1841,1
1842,1
1843,1
1844,1
1845,1
1846,1
1847,1
1848,1
1849,1
1850,1
1851,1
1852,1
1853,1
1854,1
1855,1
1856,1
1857,1
1858,1
1859,1
1860,1
1861,1
1862,1
1863,1
1864,1
1865,1
1866,1
1867,1
1868,1
1869,1
1870,1
1871,1
1872,1
1873,1
1874,1
1875,1
1876,1
1877,1
1878,1
1879,1
1880,1
1881,1
1882,1
1883,1
1884,1
1885,1
1886,1
1887,1
1888,1
1889,1
1890,1
1891,1
1892,1
1893,1
1894,1
1895,1
1896,1
1897,1
1898,1
1899,1
1900,1
1901,1
1902,1
1903,1
1904,1
1905,1
1906,1
1907,1
1908,1
1909,1
1910,1
1911,1
1912,1
1913,1
1914,1
1915,1
1916,1
1917,1
1918,1
1919,1
1920,1
1921,1
1922,1
1923,1
1924,1
1925,1
1926,1
1927,1
1928,1
1929,1
1930,1
1931,1
1932,1
1933,1
1934,1
1935,1
1936,1
1937,1
1938,1
1939,1
1940,1
1941,1
1942,1
1943,1
1944,1
1945,1
1946,1
1947,1
1948,1
1949,1
1950,1
1951,1
1952,1
1953,1
1954,1
1955,1
1956,1
1957,1
1958,1
1959,1
1960,1
1961,1
1962,1
1963,1
1964,1
1965,1
1966,1
1967,1
1968,1
1969,1
1970,1
1971,1
1972,1
1973,1
1974,1
1975,1
1976,1
1977,1
1978,1
1979,1
1980,1
1981,1
1982,1
1983,1
1984,1
1985,1
1986,1
1987,1
1988,1
1989,1
1990,1
1991,1
1992,1
1993,1
1994,1
1995,1
1996,1
1997,1
1998,1
1999,1
2000,1
2001,1
2002,1
2003,1
2004,1
2005,1
2006,1
2007,1
2008,1
2009,1
2010,1
2011,1
2012,1
2013,1
2014,1
2015,1
2016,1
2017,1
2018,1
2019,1
2020,1
2021,1
2022,1
2023,1
2024,1
2025,1
2026,1
2027,1
2028,1
2029,1
2030,1
2031,1
2032,1
2033,1
2034,1
2035,1
2036,1
2037,1
2038,1
2039,1
2040,1
2041,1
2042,1
2043,1
2044,1
2045,1
2046,1
2047,1
2048,1
2049,1
2050,1
2051,1
2052,1
2053,1
2054,1
2055,1
2056,1
2057,1
2058,1
2059,1
2060,1
2061,1
2062,1
2063,1
2064,1
2065,1
2066,1
2067,1
2068,1
2069,1
2070,1
2071,1
2072,1
2073,1
2074,1
2075,1
2076,1
2077,1
2078,1
2079,1
2080,1
2081,1
2082,1
2083,1
2084,1
2085,1
2086,1
2087,1
2088,1
2089,1
2090,1
2091,1
2092,1
2093,1
2094,1
2095,1
2096,1
2097,1
2098,1
2099,1
2100,1
2101,1
2102,1
2103,1
2104,1
2105,1
2106,1
2107,1
2108,1
2109,1
2110,1
2111,1
2112,1
2113,1
2114,1
2115,1
2116,1
2117,1
2118,1
2119,1
2120,1
2121,1
2122,1
2123,1
2124,1
2125,1
2126,1
2127,1
2128,1
2129,1
2130,1
2131,1
2132,1
2133,1
2134,1
2135,1
2136,1
2137,1
2138,1
2139,1
2140,1
2141,1
2142,1
2143,1
2144,1
2145,1
2146,1
2147,1
2148,1
2149,1
2150,1
2151,1
2152,1
2153,1
2154,1
2155,1
2156,1
2157,1
2158,1
2159,1
2160,1
2161,1
2162,1
2163,1
2164,1
2165,1
2166,1
2167,1
2168,1
2169,1
2170,1
2171,1
2172,1
2173,1
2174,1
2175,1
2176,1
2177,1
2178,1
2179,1
2180,1
2181,1
2182,1
2183,1
2184,1
2185,1
2186,1
2187,1
2188,1
2189,1
2190,1
2191,1
2192,1
2193,1
2194,1
2195,1
2196,1
2197,1
2198,1
2199,1
2200,1
2201,1
2202,1
2203,1
2204,1
2205,1
2206,1
2207,1
2208,1
2209,1
2210,1
2211,1
2212,1
2213,1
2214,1
2215,1
2216,1
2217,1
2218,1
2219,1
2220,1
2221,1
2222,1
2223,1
2224,1
2225,1
2226,1
2227,1
2228,1
2229,1
2230,1
2231,1
2232,1
2233,1
2234,1
2235,1
2236,1
2237,1
2238,1
2239,1
2240,1
2241,1
2242,1
2243,1
2244,1
2245,1
2246,1
2247,1
2248,1
2249,1
2250,1
2251,1
2252,1
2253,1
2254,1
2255,1
2256,1
2257,1
2258,1
2259,1
2260,1
2261,1
2262,1
2263,1
2264,1
2265,1
2266,1
2267,1
2268,1
2269,1
2270,1
2271,1
2272,1
2273,1
2274,1
2275,1
2276,1
2277,1
2278,1
2279,1
2280,1
2281,1
2282,1
2283,1
2284,1
2285,1
2286,1
2287,1
2288,1
2289,1
2290,1
2291,1
2292,1
2293,1
2294,1
2295,1
2296,1
2297,1
2298,1
2299,1
2300,1
2301,1
2302,1
2303,1
2304,1
2305,1
2306,1
2307,1
2308,1
2309,1
2310,1
2311,1
2312,1
2313,1
2314,1
2315,1
2316,1
2317,1
2318,1
2319,1
2320,1
2321,1
2322,1
2323,1
2324,1
2325,1
2326,1
2327,1
2328,1
2329,1
2330,1
2331,1
2332,1
2333,1
2334,1
2335,1
2336,1
2337,1
2338,1
2339,1
2340,1
2341,1
2342,1
2343,1
2344,1
2345,1
2346,1
2347,1
2348,1
2349,1
2350,1
2351,1
2352,1
2353,1
2354,1
2355,1
2356,1
2357,1
2358,1
2359,1
2360,1
2361,1
2362,1
2363,1
2364,1
2365,1
2366,1
2367,1
2368,1
2369,1
2370,1
2371,1
2372,1
2373,1
2374,1
2375,1
2376,1
2377,1
2378,1
2379,1
2380,1
2381,1
2382,1
2383,1
2384,1
2385,1
2386,1
2387,1
2388,1
2389,1
2390,1
2391,1
2392,1
2393,1
2394,1
2395,1
2396,1
2397,1
2398,1
2399,1
2400,1
2401,1
2402,1
2403,1
2404,1
2405,1
2406,1
2407,1
2408,1
2409,1
2410,1
2411,1
2412,1
2413,1
2414,1
2415,1
2416,1
2417,1
2418,1
2419,1
2420,1
2421,1
2422,1
2423,1
2424,1
2425,1
2426,1
2427,1
2428,1
2429,1
2430,1
2431,1
2432,1
2433,1
2434,1
2435,1
2436,1
2437,1
2438,1
2439,1
2440,1
2441,1
2442,1
2443,1
2444,1
2445,1
2446,1
2447,1
2448,1
2449,1
2450,1
2451,1
2452,1
2453,1
2454,1
2455,1
2456,1
2457,1
2458,1
2459,1
2460,1
2461,1
2462,1
2463,1
2464,1
2465,1
2466,1
2467,1
2468,1
2469,1
2470,1
2471,1
2472,1
2473,10
2474,10
2475,10
2476,10
2477,10
2478,10
2479,10
2480,10
2481,10
2482,10
2483,10
2484,10
2485,10
2486,10
2487,10
2488,10
2489,10
2490,10
2491,10
2492,10
2493,10
2494,10
2495,10
2496,10
2497,10
2498,10
2499,10
2500,10
2501,10
2502,10
2503,10
2504,10
2505,10
2506,10
2507,10
2508,10
2509,10
2510,10
2511,10
2512,10
2513,10
2514,10
2515,10
2516,10
2517,10
2518,10
2519,10
2520,10
2521,10
2522,10
2523,10
2524,10
2525,10
2526,10
2527,10
2528,10
2529,10
2530,10
2531,10
2532,10
2533,10
2534,10
2535,10
2536,10
2537,10
2538,10
2539,10
2540,10
2541,10
2542,10
2543,10
2544,10
2545,10
2546,10
2547,10
2548,10
2549,10
2550,10
2551,10
2552,10
2553,10
2554,10
2555,10
2556,10
2557,10
2558,10
2559,10
2560,10
2561,10
2562,10
2563,10
2564,10
2565,10
2566,10
2567,10
2568,10
2569,10
2570,10
2571,10
2572,10
2573,10
2574,10
2575,10
2576,10
2577,10
2578,10
2579,10
2580,10
2581,10
2582,10
2583,10
2584,10
2585,10
2586,10
2587,10
2588,10
2589,10
2590,10
2591,10
2592,10
2593,10
2594,10
2595,10
2596,10
2597,10
2598,10
2599,10
2600,10
2601,10
2602,10
2603,10
2604,10
2605,10
2606,10
2607,10
2608,10
2609,10
2610,10
2611,10
2612,10
2613,10
2614,10
2615,10
2616,10
2617,10
2618,10
2619,10
2620,10
2621,10
2622,10
2623,10
2624,10
2625,10
2626,10
2627,10
2628,10
2629,10
2630,10
2631,10
2632,10
2633,10
2634,10
2635,10
2636,10
2637,10
2638,10
2639,10
2640,10
2641,10
2642,10
2643,10
2644,10
2645,10
2646,10
2647,10
2648,10
2649,10
2650,10
2651,10
2652,10
2653,10
2654,10
2655,10
2656,10
2657,10
2658,10
2659,10
2660,10
2661,10
2662,10
2663,10
2664,10
2665,10
2666,10
2667,10
2668,10
2669,10
2670,10
2671,10
2672,10
2673,10
2674,10
2675,10
2676,10
2677,10
2678,10
2679,10
2680,10
2681,10
2682,10
2683,10
2684,10
2685,10
2686,10
2687,10
2688,10
2689,10
2690,10
2691,10
2692,10
2693,10
2694,10
2695,10
2696,10
2697,10
2698,10
2699,10
2700,10
2701,10
2702,10
2703,10
2704,10
2705,10
2706,10
2707,10
2708,10
2709,10
2710,10
2711,10
2712,10
2713,10
2714,10
2715,10
2716,10
2717,10
2718,10
2719,10
2720,10
2721,10
2722,10
2723,10
2724,10
2725,10
2726,10
2727,10
2728,10
2729,10
2730,10
2731,10
2732,10
2733,10
2734,10
2735,10
2736,10
2737,10
2738,10
2739,10
2740,10
2741,10
2742,10
2743,10
2744,10
2745,10
2746,10
2747,10
2748,10
2749,10
2750,10
2751,10
2752,10
2753,10
2754,10
2755,10
2756,10
2757,10
2758,10
2759,10
2760,10
2761,10
2762,10
2763,10
2764,10
2765,10
2766,10
2767,10
2768,10
2769,10
2770,10
2771,10
2772,10
2773,10
2774,10
2775,10
2776,10
2777,10
2778,10
2779,10
2780,10
2781,10
2782,10
2783,10
2784,10
2785,10
2786,10
2787,10
2788,10
2789,10
2790,10
2791,10
2792,10
2793,10
2794,10
2795,10
2796,10
2797,10
2798,10
2799,10
2800,10
2801,10
2802,10
2803,10
2804,10
2805,10
2806,10
2807,10
2808,10
2809,10
2810,10
2811,10
2812,10
2813,10
2814,10
2815,10
2816,10
2817,10
2818,10
2819,10
2820,10
2821,10
2822,10
2823,10
2824,10
2825,10
2826,10
2827,10
2828,10
2829,10
2830,10
2831,10
2832,10
2833,10
2834,10
2835,10
2836,10
2837,10
2838,10
2839,10
2840,10
2841,10
2842,10
2843,10
2844,10
2845,10
2846,10
2847,10
2848,10
2849,10
2850,10
2851,10
2852,10
2853,10
2854,10
2855,10
2856,10
2857,10
2858,10
2859,10
2860,10
2861,10
2862,10
2863,10
2864,10
2865,10
2866,10
2867,10
2868,10
2869,10
2870,10
2871,10
2872,10
2873,10
2874,10
2875,10
2876,10
2877,10
2878,10
2879,10
2880,10
2881,10
2882,10
2883,10
2884,10
2885,10
2886,10
2887,10
2888,10
2889,10
2890,10
2891,10
2892,10
2893,10
2894,10
2895,10
2896,10
2897,10
2898,10
2899,10
2900,10
2901,10
2902,10
2903,10
2904,10
2905,10
2906,10
2907,10
2908,10
2909,10
2910,10
2911,10
2912,10
2913,10
2914,10
2915,10
2916,10
2917,10
2918,10
2919,10
2920,10
2921,10
2922,10
2923,10
2924,10
2925,10
2926,10
2927,10
2928,10
2929,10
2930,10
2931,10
2932,10
2933,10
2934,10
2935,10
2936,10
2937,10
2938,10
2939,10
2940,10
2941,10
2942,10
2943,10
2944,10
2945,10
2946,10
2947,10
2948,10
2949,10
2950,10
2951,10
2952,10
2953,10
2954,10
2955,10
2956,10
2957,10
2958,10
2959,10
2960,10
2961,10
2962,10
2963,10
2964,10
2965,10
2966,10
2967,10
2968,10
2969,10
2970,10
2971,10
2972,10
2973,10
2974,10
2975,10
2976,10
2977,10
2978,10
2979,10
2980,10
2981,10
2982,10
2983,10
2984,10
2985,10
2986,10
2987,10
2988,10
2989,10
2990,10
2991,10
2992,10
2993,10
2994,10
2995,10
2996,10
2997,10
2998,10
2999,10
3000,10
3001,10
3002,10
3003,10
3004,10
3005,10
3006,10
3007,10
3008,10
3009,10
3010,10
3011,10
3012,10
3013,10
3014,10
3015,10
3016,10
3017,10
3018,10
3019,10
3020,10
3021,10
3022,10
3023,10
3024,10
3025,10
3026,10
3027,10
3028,10
3029,10
3030,10
3031,10
3032,10
3033,10
3034,10
3035,10
3036,10
3037,10
3038,10
3039,10
3040,10
3041,10
3042,10
3043,10
3044,10
3045,10
3046,10
3047,10
3048,10
3049,10
3050,10
3051,10
3052,10
3053,10
3054,10
3055,10
3056,10
3057,10
3058,10
3059,10
3060,10
3061,10
3062,10
3063,10
3064,10
3065,10
3066,10
3067,10
3068,10
3069,10
3070,10
3071,10
3072,10
3073,10
3074,10
3075,10
3076,10
3077,10
3078,10
3079,10
3080,10
3081,10
3082,10
3083,10
3084,10
3085,10
3086,10
3087,10
3088,10
3089,10
3090,10
3091,10
3092,10
3093,10
3094,10
3095,10
3096,10
3097,10
3098,10
3099,10
3100,10
3101,10
3102,10
3103,10
3104,10
3105,10
3106,10
3107,10
3108,10
3109,10
3110,10
3111,10
3112,10
3113,10
3114,10
3115,10
3116,10
3117,10
3118,10
3119,10
3120,10
3121,10
3122,10
3123,10
3124,10
3125,10
3126,10
3127,10
3128,10
3129,10
3130,10
3131,10
3132,10
3133,10
3134,10
3135,10
3136,10
3137,10
3138,10
3139,10
3140,10
3141,10
3142,10
3143,10
3144,10
3145,10
3146,10
3147,10
3148,10
3149,10
3150,10
3151,10
3152,10
3153,10
3154,10
3155,10
3156,10
3157,10
3158,10
3159,10
3160,10
3161,10
3162,10
3163,10
3164,10
3165,10
3166,10
3167,10
3168,10
3169,10
3170,10
3171,10
3172,10
3173,10
3174,10
3175,10
3176,10
3177,10
3178,10
3179,10
3180,10
3181,10
3182,10
3183,10
3184,10
3185,10
3186,10
3187,10
3188,10
3189,10
3190,10
3191,10
3192,10
3193,10
3194,10
3195,10
3196,10
3197,10
3198,10
3199,10
3200,10
3201,10
3202,10
3203,10
3204,10
3205,10
3206,10
3207,10
3208,10
3209,10
3210,10
3211,10
3212,10
3213,10
3214,10
3215,10
3216,10
3217,10
3218,10
3219,10
3220,10
3221,10
3222,10
3223,10
3224,10
3225,10
3226,10
3227,10
3228,10
3229,10
3230,10
3231,10
3232,10
3233,10
3234,10
3235,10
3236,10
3237,10
3238,10
3239,10
3240,10
3241,10
3242,10
3243,10
3244,10
3245,10
3246,10
3247,10
3248,10
3249,10
3250,10
3251,10
3252,10
3253,10
3254,10
3255,10
3256,10
3257,10
3258,10
3259,10
3260,10
3261,10
3262,10
3263,10
3264,10
3265,10
3266,10
3267,10
3268,10
3269,10
3270,10
3271,10
3272,10
3273,10
3274,10
3275,10
3276,10
3277,10
3278,10
3279,10
3280,10
3281,10
3282,10
3283,10
3284,10
3285,10
3286,10
3287,10
3288,10
3289,10
3290,10
3291,10
3292,10
3293,10
3294,10
3295,10
3296,10
3297,10
3298,10
3299,10
3300,10
3301,10
3302,10
3303,10
3304,10
3305,10
3306,10
3307,10
3308,10
3309,10
3310,10
3311,10
3312,10
3313,10
3314,10
3315,10
3316,10
3317,10
3318,10
3319,10
3320,10
3321,10
3322,10
3323,10
3324,10
3325,10
3326,10
3327,10
3328,10
3329,10
3330,10
3331,10
3332,10
3333,10
3334,10
3335,10
3336,10
3337,10
3338,10
3339,10
3340,10
3341,10
3342,10
3343,10
3344,10
3345,10
3346,10
3347,10
3348,10
3349,10
3350,10
3351,10
3352,10
3353,10
3354,10
3355,10
3356,10
3357,10
3358,10
3359,10
3360,10
3361,10
3362,10
3363,10
3364,10
3365,10
3366,10
3367,10
3368,10
3369,10
3370,10
3371,10
3372,10
3373,10
3374,10
3375,10
3376,10
3377,10
3378,10
3379,10
3380,10
3381,10
3382,10
3383,10
3384,10
3385,10
3386,10
3387,10
3388,10
3389,10
3390,10
3391,10
3392,10
3393,10
3394,10
3395,10
3396,10
3397,10
3398,10
3399,10
3400,10
3401,10
3402,10
3403,10
3404,10
3405,10
3406,10
3407,10
3408,10
3409,10
3410,10
3411,10
3412,10
3413,10
3414,10
3415,10
3416,10
3417,10
3418,10
3419,10
3420,10
3421,10
3422,10
3423,10
3424,10
3425,10
3426,10
3427,10
3428,10
3429,10
3430,10
3431,10
3432,10
3433,10
3434,10
3435,10
3436,10
3437,10
3438,10
3439,10
3440,10
3441,10
3442,10
3443,10
3444,10
3445,10
3446,10
3447,10
3448,10
3449,10
3450,10
3451,10
3452,10
3453,10
3454,10
3455,10
3456,10
3457,10
3458,10
3459,10
3460,10
3461,10
3462,10
3463,10
3464,10
3465,10
3466,10
3467,10
3468,10
3469,10
3470,10
3471,10
3472,10
3473,10
3474,10
3475,10
3476,10
3477,10
3478,10
3479,10
3480,10
3481,10
3482,10
3483,10
3484,10
3485,10
3486,10
3487,10
3488,10
3489,10
3490,10
3491,10
3492,10
3493,10
3494,10
3495,10
3496,10
3497,10
3498,10
3499,10
3500,10
3501,10
3502,10
3503,10
3504,10
3505,10
3506,10
3507,10
3508,10
3509,10
3510,10
3511,10
3512,10
3513,10
3514,10
3515,10
3516,10
3517,10
3518,10
3519,10
3520,10
3521,10
3522,10
3523,10
3524,10
3525,10
3526,10
3527,10
3528,10
3529,10
3530,10
3531,10
3532,10
3533,10
3534,10
3535,10
3536,10
3537,10
3538,10
3539,10
3540,10
3541,10
3542,10
3543,10
3544,10
3545,10
3546,10
3547,10
3548,10
3549,10
3550,10
3551,10
3552,10
3553,10
3554,10
3555,10
3556,10
3557,10
3558,10
3559,10
3560,10
3561,10
3562,10
3563,10
3564,10
3565,10
3566,10
3567,10
3568,10
3569,10
3570,10
3571,10
3572,10
3573,10
3574,10
3575,10
3576,10
3577,10
3578,10
3579,10
3580,10
3581,10
3582,10
3583,10
3584,10
3585,10
3586,10
3587,10
3588,10
3589,10
3590,10
3591,10
3592,10
3593,10
3594,10
3595,10
3596,10
3597,10
3598,10
3599,10
3600,10
3601,10
3602,10
3603,10
3604,10
3605,10
3606,10
3607,10
3608,10
3609,10
3610,10
3611,10
3612,10
3613,10
3614,10
3615,10
3616,10
3617,10
3618,10
3619,10
3620,10
3621,10
3622,10
3623,10
3624,10
3625,10
3626,10
3627,10
3628,10
3629,10
3630,10
3631,10
3632,10
3633,10
3634,10
3635,10
3636,10
3637,10
3638,10
3639,10
3640,10
3641,10
3642,10
3643,10
3644,10
3645,10
3646,10
3647,10
3648,10
3649,10
3650,10
3651,10
3652,10
3653,10
3654,10
3655,10
3656,10
3657,10
3658,10
3659,10
3660,10
3661,10
3662,10
3663,10
3664,10
3665,10
3666,10
3667,10
3668,10
3669,10
3670,10
3671,10
3672,10
3673,10
3674,10
3675,10
3676,10
3677,10
3678,10
3679,10
3680,10
3681,10
3682,10
3683,10
3684,10
3685,10
3686,10
3687,10
3688,10
3689,10
3690,10
3691,10
3692,10
3693,10
3694,10
3695,10
3696,10
3697,10
3698,10
3699,10
3700,10
3701,10
3702,10
3703,10
3704,10
3705,10
3706,10
3707,10
3708,10
3709,10
3710,10
3711,10
3712,10
3713,10
3714,10
3715,10
3716,10
3717,10
3718,10
3719,10
3720,10
3721,10
3722,10
3723,10
3724,10
3725,10
3726,10
3727,10
3728,10
3729,10
3730,10
3731,10
3732,10
3733,10
3734,10
3735,10
3736,10
3737,10
3738,10
3739,10
3740,10
3741,10
3742,10
3743,10
3744,10
3745,10
3746,10
3747,10
3748,10
3749,10
3750,10
3751,10
3752,10
3753,10
3754,10
3755,10
3756,10
3757,10
3758,10
3759,10
3760,10
3761,10
3762,10
3763,10
3764,10
3765,10
3766,10
3767,10
3768,10
3769,10
3770,10
3771,10
3772,10
3773,10
3774,10
3775,10
3776,10
3777,10
3778,10
3779,10
3780,10
3781,10
3782,10
3783,10
3784,10
3785,10
3786,10
3787,10
3788,10
3789,10
3790,10
3791,10
3792,10
3793,10
3794,10
3795,10
3796,10
3797,10
3798,10
3799,10
3800,10
3801,10
3802,10
3803,10
3804,10
3805,10
3806,10
3807,10
3808,10
3809,10
3810,10
3811,10
3812,10
3813,10
3814,10
3815,10
3816,10
3817,10
3818,10
3819,10
3820,10
3821,10
3822,10
3823,10
3824,10
3825,10
3826,10
3827,10
3828,10
3829,10
3830,10
3831,10
3832,10
3833,10
3834,10
3835,10
3836,10
3837,10
3838,10
3839,10
3840,10
3841,10
3842,10
3843,10
3844,10
3845,10
3846,10
3847,10
3848,10
3849,10
3850,10
3851,10
3852,10
3853,10
3854,10
3855,10
3856,10
3857,10
3858,10
3859,10
3860,10
3861,10
3862,10
3863,10
3864,10
3865,10
3866,10
3867,10
3868,10
3869,10
3870,10
3871,10
3872,10
3873,10
3874,10
3875,10
3876,10
3877,10
3878,10
3879,10
3880,10
3881,10
3882,10
3883,10
3884,10
3885,10
3886,10
3887,10
3888,10
3889,10
3890,10
3891,10
3892,10
3893,10
3894,10
3895,10
3896,10
3897,10
3898,10
3899,10
3900,10
3901,10
3902,10
3903,10
3904,10
3905,10
3906,10
3907,10
3908,10
3909,10
3910,10
3911,10
3912,10
3913,10
3914,10
3915,10
3916,10
3917,10
3918,10
3919,10
3920,10
3921,10
3922,10
3923,10
3924,10
3925,10
3926,10
3927,10
3928,10
3929,10
3930,10
3931,10
3932,10
3933,10
3934,10
3935,10
3936,10
3937,10
3938,10
3939,10
3940,10
3941,10
3942,10
3943,10
3944,10
3945,10
3946,10
3947,10
3948,10
3949,10
3950,10
3951,10
3952,10
3953,10
3954,10
3955,10
3956,10
3957,10
3958,10
3959,10
3960,10
3961,10
3962,10
3963,10
3964,10
3965,10
3966,10
3967,10
3968,10
3969,10
3970,10
3971,10
3972,10
3973,10
3974,10
3975,10
3976,10
3977,10
3978,10
3979,10
3980,10
3981,10
3982,10
3983,10
3984,10
3985,10
3986,10
3987,10
3988,10
3989,10
3990,10
3991,10
3992,10
3993,10
3994,10
3995,10
3996,10
3997,10
3998,10
3999,10
4000,10
4001,10
4002,10
4003,10
4004,10
4005,10
4006,10
4007,10
4008,10
4009,10
4010,10
4011,10
4012,10
4013,10
4014,10
4015,10
4016,10
4017,10
4018,10
4019,10
4020,10
4021,10
4022,10
4023,10
4024,10
4025,10
4026,10
4027,10
4028,10
4029,10
4030,10
4031,10
4032,10
4033,10
4034,10
4035,10
4036,10
4037,10
4038,10
4039,10
4040,10
4041,10
4042,10
4043,10
4044,10
4045,10
4046,10
4047,10
4048,10
4049,10
4050,10
4051,10
4052,10
4053,10
4054,10
4055,10
4056,10
4057,10
4058,10
4059,10
4060,10
4061,10
4062,10
4063,10
4064,10
4065,10
4066,10
4067,10
4068,10
4069,10
4070,10
4071,10
4072,10
4073,10
4074,10
4075,10
4076,10
4077,10
4078,10
4079,10
4080,10
4081,10
4082,10
4083,10
4084,10
4085,10
4086,10
4087,10
4088,10
4089,10
4090,10
4091,10
4092,10
4093,10
4094,10
4095,10
4096,10
4097,10
4098,10
4099,10
4100,10
4101,10
4102,10
4103,10
4104,10
4105,10
4106,10
4107,10
4108,10
4109,10
4110,10
4111,10
4112,10
4113,10
4114,10
4115,10
4116,10
4117,10
4118,10
4119,10
4120,10
4121,10
4122,10
4123,10
4124,10
4125,10
4126,10
4127,10
4128,10
4129,10
4130,10
4131,10
4132,10
4133,10
4134,10
4135,10
4136,10
4137,10
4138,10
4139,10
4140,10
4141,10
4142,10
4143,10
4144,10
4145,10
4146,10
4147,10
4148,10
4149,10
4150,10
4151,10
4152,10
4153,10
4154,10
4155,10
4156,10
4157,10
4158,10
4159,10
4160,10
4161,10
4162,10
4163,10
4164,10
4165,10
4166,10
4167,10
4168,10
4169,10
4170,10
4171,10
4172,10
4173,10
4174,10
4175,10
4176,10
4177,10
4178,10
4179,10
4180,10
4181,10
4182,10
4183,10
4184,10
4185,10
4186,10
4187,10
4188,10
4189,10
4190,10
4191,10
4192,10
4193,10
4194,10
4195,10
4196,10
4197,10
4198,10
4199,10
4200,10
4201,10
4202,10
4203,10
4204,10
4205,10
4206,10
4207,10
4208,10
4209,10
4210,10
4211,10
4212,10
4213,10
4214,10
4215,10
4216,10
4217,10
4218,10
4219,10
4220,10
4221,10
4222,10
4223,10
4224,10
4225,10
4226,10
4227,10
4228,10
4229,10
4230,10
4231,10
4232,10
4233,10
4234,10
4235,10
4236,10
4237,10
4238,10
4239,10
4240,10
4241,10
4242,10
4243,10
4244,10
4245,10
4246,10
4247,10
4248,10
4249,10
4250,10
4251,10
4252,10
4253,10
4254,10
4255,10
4256,10
4257,10
4258,10
4259,10
4260,10
4261,10
4262,10
4263,10
4264,10
4265,10
4266,10
4267,10
4268,10
4269,10
4270,10
4271,10
4272,10
4273,10
4274,10
4275,10
4276,10
4277,10
4278,10
4279,10
4280,10
4281,10
4282,10
4283,10
4284,10
4285,10
4286,10
4287,10
4288,10
4289,10
4290,10
4291,10
4292,10
4293,10
4294,10
4295,10
4296,10
4297,10
4298,10
4299,10
4300,10
4301,10
4302,10
4303,10
4304,10
4305,10
4306,10
4307,10
4308,10
4309,10
4310,10
4311,10
4312,10
4313,10
4314,10
4315,10
4316,10
4317,10
4318,10
4319,10
4320,10
4321,10
4322,10
4323,10
4324,10
4325,10
4326,10
4327,10
4328,10
4329,10
4330,10
4331,10
4332,10
4333,10
4334,10
4335,10
4336,10
4337,10
4338,10
4339,10
4340,10
4341,10
4342,10
4343,10
4344,10
4345,10
4346,10
4347,10
4348,10
4349,10
4350,10
4351,10
4352,10
4353,10
4354,10
4355,10
4356,10
4357,10
4358,10
4359,10
4360,10
4361,10
4362,10
4363,10
4364,10
4365,10
4366,10
4367,10
4368,10
4369,10
4370,10
4371,10
4372,10
4373,10
4374,10
4375,10
4376,10
4377,10
4378,10
4379,10
4380,10
4381,10
4382,10
4383,10
4384,10
4385,10
4386,10
4387,10
4388,10
4389,10
4390,10
4391,10
4392,10
4393,10
4394,10
4395,10
4396,10
4397,10
4398,10
4399,10
4400,10
4401,10
4402,10
4403,10
4404,10
4405,10
4406,10
4407,10
4408,10
4409,10
4410,10
4411,10
4412,10
4413,10
4414,10
4415,10
4416,10
4417,10
4418,10
4419,10
4420,10
4421,10
4422,10
4423,10
4424,10
4425,10
4426,10
4427,10
4428,10
4429,10
4430,10
4431,10
4432,10
4433,10
4434,10
4435,10
4436,10
4437,10
4438,10
4439,10
4440,10
4441,10
4442,10
4443,10
4444,10
4445,10
4446,10
4447,10
4448,10
4449,10
4450,10
4451,10
4452,10
4453,10
4454,10
4455,10
4456,10
4457,10
4458,10
4459,10
4460,10
4461,10
4462,10
4463,10
4464,10
4465,10
4466,10
4467,10
4468,10
4469,10
4470,10
4471,10
4472,10
4473,10
4474,10
4475,10
4476,10
4477,10
4478,10
4479,10
4480,10
4481,10
4482,10
4483,10
4484,10
4485,10
4486,10
4487,10
4488,10
4489,10
4490,10
4491,10
4492,10
4493,10
4494,10
4495,10
4496,10
4497,10
4498,10
4499,10
4500,10
4501,10
4502,10
4503,10
4504,10
4505,10
4506,10
4507,10
4508,10
4509,10
4510,10
4511,10
4512,10
4513,10
4514,10
4515,10
4516,10
4517,10
4518,10
4519,10
4520,10
4521,10
4522,10
4523,10
4524,10
4525,10
4526,10
4527,10
4528,10
4529,10
4530,10
4531,10
4532,10
4533,10
4534,10
4535,10
4536,10
4537,10
4538,10
4539,10
4540,10
4541,10
4542,10
4543,10
4544,10
4545,10
4546,10
4547,10
4548,10
4549,10
4550,10
4551,10
4552,10
4553,10
4554,10
4555,10
4556,10
4557,10
4558,10
4559,10
4560,10
4561,10
4562,10
4563,10
4564,10
4565,10
4566,10
4567,10
4568,10
4569,10
4570,10
4571,10
4572,10
4573,10
4574,10
4575,10
4576,10
4577,10
4578,10
4579,10
4580,10
4581,10
4582,10
4583,10
4584,10
4585,10
4586,10
4587,10
4588,10
4589,10
4590,10
4591,10
4592,10
4593,10
4594,10
4595,10
4596,10
4597,10
4598,10
4599,10
4600,10
4601,10
4602,10
4603,10
4604,10
4605,10
4606,10
4607,10
4608,10
4609,10
4610,10
4611,10
4612,10
4613,10
4614,10
4615,10
4616,10
4617,10
4618,10
4619,10
4620,10
4621,10
4622,10
4623,10
4624,10
4625,10
4626,10
4627,10
4628,10
4629,10
4630,10
4631,10
4632,10
4633,10
4634,10
4635,10
4636,10
4637,10
4638,10
4639,10
4640,10
4641,10
4642,10
4643,10
4644,10
4645,10
4646,10
4647,10
4648,10
4649,10
4650,10
4651,10
4652,10
4653,10
4654,10
4655,10
4656,10
4657,10
4658,10
4659,10
4660,10
4661,10
4662,10
4663,10
4664,10
4665,10
4666,10
4667,10
4668,10
4669,10
4670,10
4671,10
4672,10
4673,10
4674,10
4675,10
4676,10
4677,10
4678,10
4679,10
4680,10
4681,10
4682,10
4683,10
4684,10
4685,10
4686,10
4687,10
4688,10
4689,10
4690,10
4691,10
4692,10
4693,10
4694,10
4695,10
4696,10
4697,10
4698,10
4699,10
4700,10
4701,10
4702,10
4703,10
4704,10
4705,10
4706,10
4707,10
4708,10
4709,10
4710,10
4711,10
4712,10
4713,10
4714,10
4715,10
4716,10
4717,10
4718,10
4719,10
4720,10
4721,10
4722,10
4723,10
4724,10
4725,10
4726,10
4727,10
4728,10
4729,10
4730,10
4731,10
4732,10
4733,10
4734,10
4735,10
4736,10
4737,10
4738,10
4739,10
4740,10
4741,10
4742,10
4743,10
4744,10
4745,10
4746,10
4747,10
4748,10
4749,10
4750,10
4751,10
4752,10
4753,10
4754,10
4755,10
4756,10
4757,10
4758,10
4759,10
4760,10
4761,10
4762,10
4763,10
4764,10
4765,10
4766,10
4767,10
4768,10
4769,10
4770,10
4771,10
4772,10
4773,10
4774,10
4775,10
4776,10
4777,10
4778,10
4779,10
4780,10
4781,10
4782,10
4783,10
4784,10
4785,10
4786,10
4787,10
4788,10
4789,10
4790,10
4791,10
4792,10
4793,10
4794,10
4795,10
4796,10
4797,10
4798,10
4799,10
4800,10
4801,10
4802,10
4803,10
4804,10
4805,10
4806,10
4807,10
4808,10
4809,10
4810,10
4811,10
4812,10
4813,10
4814,10
4815,10
4816,10
4817,10
4818,10
4819,10
4820,10
4821,10
4822,10
4823,10
4824,10
4825,10
4826,10
4827,10
4828,10
4829,10
4830,10
4831,10
4832,10
4833,10
4834,10
4835,10
4836,10
4837,10
4838,10
4839,10
4840,10
4841,10
4842,10
4843,10
4844,10
4845,10
4846,10
4847,10
4848,10
4849,10
4850,10
4851,10
4852,10
4853,10
4854,10
4855,10
4856,10
4857,10
4858,10
4859,10
4860,10
4861,10
4862,10
4863,10
4864,10
4865,10
4866,10
4867,10
4868,10
4869,10
4870,10
4871,10
4872,10
4873,10
4874,10
4875,10
4876,10
4877,10
4878,10
4879,10
4880,10
4881,10
4882,10
4883,10
4884,10
4885,10
4886,10
4887,10
4888,10
4889,10
4890,10
4891,10
4892,10
4893,10
4894,10
4895,10
4896,10
4897,10
4898,10
4899,10
4900,10
4901,10
4902,10
4903,10
4904,10
4905,10
4906,10
4907,10
4908,10
4909,10
4910,10
4911,10
4912,10
4913,10
4914,10
4915,10
4916,10
4917,10
4918,10
4919,10
4920,10
4921,10
4922,10
4923,10
4924,10
4925,10
4926,10
4927,10
4928,10
4929,10
4930,10
4931,10
4932,10
4933,10
4934,10
4935,10
4936,10
4937,10
4938,10
4939,10
4940,10
4941,10
4942,10
4943,10
4944,10
4945,10
4946,10
4947,10
4948,10
4949,10
4950,10
4951,10
4952,10
4953,10
4954,10
4955,10
4956,10
4957,10
4958,10
4959,10
4960,10
4961,10
4962,10
4963,10
4964,10
4965,10
4966,10
4967,10
4968,10
4969,10
4970,10
4971,10
4972,10
4973,10
4974,10
4975,10
4976,10
4977,10
4978,10
4979,10
4980,10
4981,10
4982,10
4983,10
4984,10
4985,10
4986,10
4987,10
4988,10
4989,10
4990,10
4991,10
4992,10
4993,10
4994,10
4995,10
4996,10
4997,10
4998,10
4999,10
5000,10
5001,10
5002,10
5003,10
5004,10
5005,10
5006,10
5007,10
5008,10
5009,10
5010,10
5011,10
5012,10
5013,10
5014,10
5015,10
5016,10
5017,10
5018,10
5019,10
5020,10
5021,10
5022,10
5023,10
5024,10
5025,10
5026,10
5027,10
5028,10
5029,10
5030,10
5031,10
5032,10
5033,10
5034,10
5035,10
5036,10
5037,10
5038,10
5039,10
5040,10
5041,10
5042,10
5043,10
5044,10
5045,10
5046,10
5047,10
5048,10
5049,10
5050,10
5051,10
5052,10
5053,10
5054,10
5055,10
5056,10
5057,10
5058,10
5059,10
5060,10
5061,10
5062,10
5063,10
5064,10
5065,10
5066,10
5067,10
5068,10
5069,10
5070,10
5071,10
5072,10
5073,10
5074,10
5075,10
5076,10
5077,10
5078,10
5079,10
5080,10
5081,10
5082,10
5083,10
5084,10
5085,10
5086,10
5087,10
5088,10
5089,10
5090,10
5091,10
5092,10
5093,10
5094,10
5095,10
5096,10
5097,10
5098,10
5099,10
5100,10
5101,10
5102,10
5103,10
5104,10
5105,10
5106,10
5107,10
5108,10
5109,10
5110,10
5111,10
5112,10
5113,10
5114,10
5115,10
5116,10
5117,10
5118,10
5119,10
5120,10
5121,10
5122,10
5123,10
5124,10
5125,10
5126,10
5127,10
5128,10
5129,10
5130,10
5131,10
5132,10
5133,10
5134,10
5135,10
5136,10
5137,10
5138,10
5139,10
5140,10
5141,10
5142,10
5143,10
5144,10
5145,10
5146,10
5147,10
5148,10
5149,10
5150,10
5151,10
5152,10
5153,10
5154,10
5155,10
5156,10
5157,10
5158,10
5159,10
5160,10
5161,10
5162,10
5163,10
5164,10
5165,10
5166,10
5167,10
5168,10
5169,10
5170,10
5171,10
5172,10
5173,10
5174,10
5175,10
5176,10
5177,10
5178,10
5179,10
5180,10
5181,10
5182,10
5183,10
5184,10
5185,10
5186,10
5187,10
5188,10
5189,10
5190,10
5191,10
5192,10
5193,10
5194,10
5195,10
5196,10
5197,10
5198,10
5199,10
5200,10
5201,10
5202,10
5203,10
5204,10
5205,10
5206,10
5207,10
5208,10
5209,10
5210,10
5211,10
5212,10
5213,10
5214,10
5215,10
5216,10
5217,10
5218,10
5219,10
5220,10
5221,10
5222,10
5223,10
5224,10
5225,10
5226,10
5227,10
5228,10
5229,10
5230,10
5231,10
5232,10
5233,10
5234,10
5235,10
5236,10
5237,10
5238,10
5239,10
5240,10
5241,10
5242,10
5243,10
5244,10
5245,10
5246,10
5247,10
5248,10
5249,10
5250,10
5251,10
5252,10
5253,10
5254,10
5255,10
5256,10
5257,10
5258,10
5259,10
5260,10
5261,10
5262,10
5263,10
5264,10
5265,10
5266,10
5267,10
5268,10
5269,10
5270,10
5271,10
5272,10
5273,10
5274,10
5275,10
5276,10
5277,10
5278,10
5279,10
5280,10
5281,10
5282,10
5283,10
5284,10
5285,10
5286,10
5287,10
5288,10
5289,10
5290,10
5291,10
5292,10
5293,10
5294,10
5295,10
5296,10
5297,10
5298,10
5299,10
5300,10
5301,10
5302,10
5303,10
5304,10
5305,10
5306,10
5307,10
5308,10
5309,10
5310,10
5311,10
5312,10
5313,10
5314,10
5315,10
5316,10
5317,10
5318,10
5319,10
5320,10
5321,10
5322,10
5323,10
5324,10
5325,10
5326,10
5327,10
5328,10
5329,10
5330,10
5331,10
5332,10
5333,10
5334,10
5335,10
5336,10
5337,10
5338,10
5339,10
5340,10
5341,10
5342,10
5343,10
5344,10
5345,10
5346,10
5347,10
5348,10
5349,10
5350,10
5351,10
5352,10
5353,10
5354,10
5355,10
5356,10
5357,10
5358,10
5359,10
5360,10
5361,10
5362,10
5363,10
5364,10
5365,10
5366,10
5367,10
5368,10
5369,10
5370,10
5371,10
5372,10
5373,10
5374,10
5375,10
5376,10
5377,10
5378,10
5379,10
5380,10
5381,10
5382,10
5383,10
5384,10
5385,10
5386,10
5387,10
5388,10
5389,10
5390,10
5391,10
5392,10
5393,10
5394,10
5395,10
5396,10
5397,10
5398,10
5399,10
5400,10
5401,10
5402,10
5403,10
5404,10
5405,10
5406,10
5407,10
5408,10
5409,10
5410,10
5411,10
5412,10
5413,10
5414,10
5415,10
5416,10
5417,10
5418,10
5419,10
5420,10
5421,10
5422,10
5423,10
5424,10
5425,10
5426,10
5427,10
5428,10
5429,10
5430,10
5431,10
5432,10
5433,10
5434,10
5435,10
5436,10
5437,10
5438,10
5439,10
5440,10
5441,10
5442,10
5443,10
5444,10
5445,10
5446,10
5447,10
5448,10
5449,10
5450,10
5451,10
5452,10
5453,10
5454,10
5455,10
5456,10
5457,10
5458,10
5459,10
5460,10
5461,10
5462,10
5463,10
5464,10
5465,10
5466,10
5467,10
5468,10
5469,10
5470,10
5471,10
5472,10
5473,10
5474,10
5475,10
5476,10
5477,10
5478,10
5479,10
5480,10
5481,10
5482,10
5483,10
5484,10
5485,10
5486,10
5487,10
5488,10
5489,10
5490,10
5491,10
5492,10
5493,10
5494,10
5495,10
5496,10
5497,10
5498,10
5499,10
5500,10
5501,10
5502,10
5503,10
5504,10
5505,10
5506,10
5507,10
5508,10
5509,10
5510,10
5511,10
5512,10
5513,10
5514,10
5515,10
5516,10
5517,10
5518,10
5519,10
5520,10
5521,10
5522,10
5523,10
5524,10
5525,10
5526,10
5527,10
5528,10
5529,10
5530,10
5531,10
5532,10
5533,10
5534,10
5535,10
5536,10
5537,10
5538,10
5539,10
5540,10
5541,10
5542,10
5543,10
5544,10
5545,10
5546,10
5547,10
5548,10
5549,10
5550,10
5551,10
5552,10
5553,10
5554,10
5555,10
5556,10
5557,10
5558,10
5559,10
5560,10
5561,10
5562,10
5563,10
5564,10
5565,10
5566,10
5567,10
5568,10
5569,10
5570,10
5571,10
5572,10
5573,10
5574,10
5575,10
5576,10
5577,10
5578,10
5579,10
5580,10
5581,10
5582,10
5583,10
5584,10
5585,10
5586,10
5587,10
5588,10
5589,10
5590,10
5591,10
5592,10
5593,10
5594,10
5595,10
5596,10
5597,10
5598,10
5599,10
5600,10
5601,10
5602,10
5603,10
5604,10
5605,10
5606,10
5607,10
5608,10
5609,10
5610,10
5611,10
5612,10
5613,10
5614,10
5615,10
5616,10
5617,10
5618,10
5619,10
5620,10
5621,10
5622,10
5623,10
5624,10
5625,10
5626,10
5627,10
5628,10
5629,10
5630,10
5631,10
5632,10
5633,10
5634,10
5635,10
5636,10
5637,10
5638,10
5639,10
5640,10
5641,10
5642,10
5643,10
5644,10
5645,10
5646,10
5647,10
5648,10
5649,10
5650,10
5651,10
5652,10
5653,10
5654,10
5655,10
5656,10
5657,10
5658,10
5659,10
5660,10
5661,10
5662,10
5663,10
5664,10
5665,10
5666,10
5667,10
5668,10
5669,10
5670,10
5671,10
5672,10
5673,10
5674,10
5675,10
5676,10
5677,10
5678,10
5679,10
5680,10
5681,10
5682,10
5683,10
5684,10
5685,10
5686,10
5687,10
5688,10
5689,10
5690,10
5691,10
5692,10
5693,10
5694,10
5695,10
5696,10
5697,10
5698,10
5699,10
5700,10
5701,10
5702,10
5703,10
5704,10
5705,10
5706,10
5707,10
5708,10
5709,10
5710,10
5711,10
5712,10
5713,10
5714,10
5715,10
5716,10
5717,10
5718,10
5719,10
5720,10
5721,10
5722,10
5723,10
5724,10
5725,10
5726,10
5727,10
5728,10
5729,10
5730,10
5731,10
5732,10
5733,10
5734,10
5735,10
5736,10
5737,10
5738,10
5739,10
5740,10
5741,10
5742,10
5743,10
5744,10
5745,10
5746,10
5747,10
5748,10
5749,10
5750,10
5751,10
5752,10
5753,10
5754,10
5755,10
5756,10
5757,10
5758,10
5759,10
5760,10
5761,10
5762,10
5763,10
5764,10
5765,10
5766,10
5767,10
5768,10
5769,10
5770,10
5771,10
5772,10
5773,10
5774,10
5775,10
5776,10
5777,10
5778,10
5779,10
5780,10
5781,10
5782,10
5783,10
5784,10
5785,10
5786,10
5787,10
5788,10
5789,10
5790,10
5791,10
5792,10
5793,10
5794,10
5795,10
5796,10
5797,10
5798,10
5799,10
5800,10
5801,10
5802,10
5803,10
5804,10
5805,10
5806,10
5807,10
5808,10
5809,10
5810,10
5811,10
5812,10
5813,10
5814,10
5815,10
5816,10
5817,10
5818,10
5819,10
5820,10
5821,10
5822,10
5823,10
5824,10
5825,10
5826,10
5827,10
5828,10
5829,10
5830,10
5831,10
5832,10
5833,10
5834,10
5835,10
5836,10
5837,10
5838,10
5839,10
5840,10
5841,10
5842,10
5843,10
5844,10
5845,10
5846,10
5847,10
5848,10
5849,10
5850,10
5851,10
5852,10
5853,10
5854,10
5855,10
5856,10
5857,10
5858,10
5859,10
5860,10
5861,10
5862,10
5863,10
5864,10
5865,10
5866,10
5867,10
5868,10
5869,10
5870,10
5871,10
5872,10
5873,10
5874,10
5875,10
5876,10
5877,10
5878,10
5879,10
5880,10
5881,10
5882,10
5883,10
5884,10
5885,10
5886,10
5887,10
5888,10
5889,10
5890,10
5891,10
5892,10
5893,10
5894,10
5895,10
5896,10
5897,10
5898,10
5899,10
5900,10
5901,10
5902,10
5903,10
5904,10
5905,10
5906,10
5907,10
5908,10
5909,10
5910,10
5911,10
5912,10
5913,10
5914,10
5915,10
5916,10
5917,10
5918,10
5919,10
5920,10
5921,10
5922,10
5923,10
5924,10
5925,10
5926,10
5927,10
5928,10
5929,10
5930,10
5931,10
5932,10
5933,10
5934,10
5935,10
5936,10
5937,10
5938,10
5939,10
5940,10
5941,10
5942,10
5943,10
5944,10
5945,10
5946,10
5947,10
5948,10
5949,10
5950,10
5951,10
5952,10
5953,10
5954,10
5955,10
5956,10
5957,10
5958,10
5959,10
5960,10
5961,10
5962,10
5963,10
5964,10
5965,10
5966,10
5967,10
5968,10
5969,10
5970,10
5971,10
5972,10
5973,10
5974,10
5975,10
5976,10
5977,10
5978,10
5979,10
5980,10
5981,10
5982,10
5983,10
5984,10
5985,10
5986,10
5987,10
5988,10
5989,10
5990,10
5991,10
5992,10
5993,10
5994,10
5995,10
5996,10
5997,10
5998,10
5999,10
6000,10
6001,10
6002,10
6003,10
6004,10
6005,10
6006,10
6007,10
6008,10
6009,10
6010,10
6011,10
6012,10
6013,10
6014,10
6015,10
6016,10
6017,10
6018,10
6019,10
6020,10
6021,10
6022,10
6023,10
6024,10
6025,10
6026,10
6027,10
6028,10
6029,10
6030,10
6031,10
6032,10
6033,10
6034,10
6035,10
6036,10
6037,10
6038,10
6039,10
6040,10
6041,10
6042,10
6043,10
6044,10
6045,10
6046,10
6047,10
6048,10
6049,10
6050,10
6051,10
6052,10
6053,10
6054,10
6055,10
6056,10
6057,10
6058,10
6059,10
6060,10
6061,10
6062,10
6063,10
6064,10
6065,10
6066,10
6067,10
6068,10
6069,10
6070,10
6071,10
6072,10
6073,10
6074,10
6075,10
6076,10
6077,10
6078,10
6079,10
6080,10
6081,10
6082,10
6083,10
6084,10
6085,10
6086,10
6087,10
6088,10
6089,10
6090,10
6091,10
6092,10
6093,10
6094,10
6095,10
6096,10
6097,10
6098,10
6099,10
6100,10
6101,10
6102,10
6103,10
6104,10
6105,10
6106,10
6107,10
6108,10
6109,10
6110,10
6111,10
6112,10
6113,10
6114,10
6115,10
6116,10
6117,10
6118,10
6119,10
6120,10
6121,10
6122,10
6123,10
6124,10
6125,10
6126,10
6127,10
6128,10
6129,10
6130,10
6131,10
6132,10
6133,10
6134,10
6135,10
6136,10
6137,10
6138,10
6139,10
6140,10
6141,10
6142,10
6143,10
6144,10
6145,10
6146,10
6147,10
6148,10
6149,10
6150,10
6151,10
6152,10
6153,10
6154,10
6155,10
6156,10
6157,10
6158,10
6159,10
6160,10
6161,10
6162,10
6163,10
6164,10
6165,10
6166,10
6167,10
6168,10
6169,10
6170,10
6171,10
6172,10
6173,10
6174,10
6175,10
6176,10
6177,10
6178,10
6179,10
6180,10
6181,10
6182,10
6183,10
6184,10
6185,10
6186,10
6187,10
6188,10
6189,10
6190,10
6191,10
6192,10
6193,10
6194,10
6195,10
6196,10
6197,10
6198,10
6199,10
6200,10
6201,10
6202,10
6203,10
6204,10
6205,10
6206,10
6207,10
6208,10
6209,10
6210,10
6211,10
6212,10
6213,10
6214,10
6215,10
6216,10
6217,10
6218,10
6219,10
6220,10
6221,10
6222,10
6223,10
6224,10
6225,10
6226,10
6227,10
6228,10
6229,10
6230,10
6231,10
6232,10
6233,10
6234,10
6235,10
6236,10
6237,10
6238,10
6239,10
6240,10
6241,10
6242,10
6243,10
6244,10
6245,10
6246,10
6247,10
6248,10
6249,10
6250,10
6251,10
6252,10
6253,10
6254,10
6255,10
6256,10
6257,10
6258,10
6259,10
6260,10
6261,10
6262,10
6263,10
6264,10
6265,10
6266,10
6267,10
6268,10
6269,10
6270,10
6271,10
6272,10
6273,10
6274,10
6275,10
6276,10
6277,10
6278,10
6279,10
6280,10
6281,10
6282,10
6283,10
6284,10
6285,10
6286,10
6287,10
6288,10
6289,10
6290,10
6291,10
6292,10
6293,10
6294,10
6295,10
6296,10
6297,10
6298,10
6299,10
6300,10
6301,10
6302,10
6303,10
6304,10
6305,10
6306,10
6307,10
6308,10
6309,10
6310,10
6311,10
6312,10
6313,10
6314,10
6315,10
6316,10
6317,10
6318,10
6319,10
6320,10
6321,10
6322,10
6323,10
6324,10
6325,10
6326,10
6327,10
6328,10
6329,10
6330,10
6331,10
6332,10
6333,10
6334,10
6335,10
6336,10
6337,10
6338,10
6339,10
6340,10
6341,10
6342,10
6343,10
6344,10
6345,10
6346,10
6347,10
6348,10
6349,10
6350,10
6351,10
6352,10
6353,10
6354,10
6355,10
6356,10
6357,10
6358,10
6359,10
6360,10
6361,10
6362,10
6363,10
6364,10
6365,10
6366,10
6367,10
6368,10
6369,10
6370,10
6371,10
6372,10
6373,10
6374,10
6375,10
6376,10
6377,10
6378,10
6379,10
6380,10
6381,10
6382,10
6383,10
6384,10
6385,10
6386,10
6387,10
6388,10
6389,10
6390,10
6391,10
6392,10
6393,10
6394,10
6395,10
6396,10
6397,10
6398,10
6399,10
6400,10
6401,10
6402,10
6403,10
6404,10
6405,10
6406,10
6407,10
6408,10
6409,10
6410,10
6411,10
6412,10
6413,10
6414,10
6415,10
6416,10
6417,10
6418,10
6419,10
6420,10
6421,10
6422,10
6423,10
6424,10
6425,10
6426,10
6427,10
6428,10
6429,10
6430,10
6431,10
6432,10
6433,10
6434,10
6435,10
6436,10
6437,10
6438,10
6439,10
6440,10
6441,10
6442,10
6443,10
6444,10
6445,10
6446,10
6447,10
6448,10
6449,10
6450,10
6451,10
6452,10
6453,10
6454,10
6455,10
6456,10
6457,10
6458,10
6459,10
6460,10
6461,10
6462,10
6463,10
6464,10
6465,10
6466,10
6467,10
6468,10
6469,10
6470,10
6471,10
6472,10
6473,10
6474,10
6475,10
6476,10
6477,10
6478,10
6479,10
6480,10
6481,10
6482,10
6483,10
6484,10
6485,10
6486,10
6487,10
6488,10
6489,10
6490,10
6491,10
6492,10
6493,10
6494,10
6495,10
6496,10
6497,10
6498,10
6499,10
6500,10
6501,10
6502,10
6503,10
6504,10
6505,10
6506,10
6507,10
6508,10
6509,10
6510,10
6511,10
6512,10
6513,10
6514,10
6515,10
6516,10
6517,10
6518,10
6519,10
6520,10
6521,10
6522,10
6523,10
6524,10
6525,10
6526,10
6527,10
6528,10
6529,10
6530,10
6531,10
6532,10
6533,10
6534,10
6535,10
6536,10
6537,10
6538,10
6539,10
6540,10
6541,10
6542,10
6543,10
6544,10
6545,10
6546,10
6547,10
6548,10
6549,10
6550,10
6551,10
6552,10
6553,10
6554,10
6555,10
6556,10
6557,10
6558,10
6559,10
6560,10
6561,10
6562,10
6563,10
6564,10
6565,10
6566,10
6567,10
6568,10
6569,10
6570,10
6571,10
6572,10
6573,10
6574,10
6575,10
6576,10
6577,10
6578,10
6579,10
6580,10
6581,10
6582,10
6583,10
6584,10
6585,10
6586,10
6587,10
6588,10
6589,10
6590,10
6591,10
6592,10
6593,10
6594,10
6595,10
6596,10
6597,10
6598,10
6599,10
6600,10
6601,10
6602,10
6603,10
6604,10
6605,10
6606,10
6607,10
6608,10
6609,10
6610,10
6611,10
6612,10
6613,10
6614,10
6615,10
6616,10
6617,10
6618,10
6619,10
6620,10
6621,10
6622,10
6623,10
6624,10
6625,10
6626,10
6627,10
6628,10
6629,10
6630,10
6631,10
6632,10
6633,10
6634,10
6635,10
6636,10
6637,10
6638,10
6639,10
6640,10
6641,10
6642,10
6643,10
6644,10
6645,10
6646,10
6647,10
6648,10
6649,10
6650,10
6651,10
6652,10
6653,10
6654,10
6655,10
6656,10
6657,10
6658,10
6659,10
6660,10
6661,10
6662,10
6663,10
6664,10
6665,10
6666,10
6667,10
6668,10
6669,10
6670,10
6671,10
6672,10
6673,10
6674,10
6675,10
6676,10
6677,10
6678,10
6679,10
6680,10
6681,10
6682,10
6683,10
6684,10
6685,10
6686,10
6687,10
6688,10
6689,10
6690,10
6691,10
6692,10
6693,10
6694,10
6695,10
6696,10
6697,10
6698,10
6699,10
6700,10
6701,10
6702,10
6703,10
6704,10
6705,10
6706,10
6707,10
6708,10
6709,10
6710,10
6711,10
6712,10
6713,10
6714,10
6715,10
6716,10
6717,10
6718,10
6719,10
6720,10
6721,10
6722,10
6723,10
6724,10
6725,10
6726,10
6727,10
6728,10
6729,10
6730,10
6731,10
6732,10
6733,10
6734,10
6735,10
6736,10
6737,10
6738,10
6739,10
6740,10
6741,10
6742,10
6743,10
6744,10
6745,10
6746,10
6747,10
6748,10
6749,10
6750,10
6751,10
6752,10
6753,10
6754,10
6755,10
6756,10
6757,10
6758,10
6759,10
6760,10
6761,10
6762,10
6763,10
6764,10
6765,10
6766,10
6767,10
6768,10
6769,10
6770,10
6771,10
6772,10
6773,10
6774,10
6775,10
6776,10
6777,10
6778,10
6779,10
6780,10
6781,10
6782,10
6783,10
6784,10
6785,10
6786,10
6787,10
6788,10
6789,10
6790,10
6791,10
6792,10
6793,10
6794,10
6795,10
6796,10
6797,10
6798,10
6799,10
6800,10
6801,10
6802,10
6803,10
6804,10
6805,10
6806,10
6807,10
6808,10
6809,10
6810,10
6811,10
6812,10
6813,10
6814,10
6815,10
6816,10
6817,10
6818,10
6819,10
6820,10
6821,10
6822,10
6823,10
6824,10
6825,10
6826,10
6827,10
6828,10
6829,10
6830,10
6831,10
6832,10
6833,10
6834,10
6835,10
6836,10
6837,10
6838,10
6839,10
6840,10
6841,10
6842,10
6843,10
6844,10
6845,10
6846,10
6847,10
6848,10
6849,10
6850,10
6851,10
6852,10
6853,10
6854,10
6855,10
6856,10
6857,10
6858,10
6859,10
6860,10
6861,10
6862,10
6863,10
6864,10
6865,10
6866,10
6867,10
6868,10
6869,10
6870,10
6871,10
6872,10
6873,10
6874,10
6875,10
6876,10
6877,10
6878,10
6879,10
6880,10
6881,10
6882,10
6883,10
6884,10
6885,10
6886,10
6887,10
6888,10
6889,10
6890,10
6891,10
6892,10
6893,10
6894,10
6895,10
6896,10
6897,10
6898,10
6899,10
6900,10
6901,10
6902,10
6903,10
6904,10
6905,10
6906,10
6907,10
6908,10
6909,10
6910,10
6911,10
6912,10
6913,10
6914,10
6915,10
6916,10
6917,10
6918,10
6919,10
6920,10
6921,10
6922,10
6923,10
6924,10
6925,10
6926,10
6927,10
6928,10
6929,10
6930,10
6931,10
6932,10
6933,10
6934,10
6935,10
6936,10
6937,10
6938,10
6939,10
6940,10
6941,10
6942,10
6943,10
6944,10
6945,10
6946,10
6947,10
6948,10
6949,10
6950,10
6951,10
6952,10
6953,10
6954,10
6955,10
6956,10
6957,10
6958,10
6959,10
6960,10
6961,10
6962,10
6963,10
6964,10
6965,10
6966,10
6967,10
6968,10
6969,10
6970,10
6971,10
6972,10
6973,10
6974,10
6975,10
6976,10
6977,10
6978,10
6979,10
6980,10
6981,10
6982,10
6983,10
6984,10
6985,10
6986,10
6987,10
6988,10
6989,10
6990,10
6991,10
6992,10
6993,10
6994,10
6995,10
6996,10
6997,10
6998,10
6999,10
7000,10
7001,10
7002,10
7003,10
7004,10
7005,10
7006,10
7007,10
7008,10
7009,10
7010,10
7011,10
7012,10
7013,10
7014,10
7015,10
7016,10
7017,10
7018,10
7019,10
7020,10
7021,10
7022,10
7023,10
7024,10
7025,10
7026,10
7027,10
7028,10
7029,10
7030,10
7031,10
7032,10
7033,10
7034,10
7035,10
7036,10
7037,10
7038,10
7039,10
7040,10
7041,10
7042,10
7043,10
7044,10
7045,10
7046,10
7047,10
7048,10
7049,10
7050,10
7051,10
7052,10
7053,10
7054,10
7055,10
7056,10
7057,10
7058,10
7059,10
7060,10
7061,10
7062,10
7063,10
7064,10
7065,10
7066,10
7067,10
7068,10
7069,10
7070,10
7071,10
7072,10
7073,10
7074,10
7075,10
7076,10
7077,10
7078,10
7079,10
7080,10
7081,10
7082,10
7083,10
7084,10
7085,10
7086,10
7087,10
7088,10
7089,10
7090,10
7091,10
7092,10
7093,10
7094,10
7095,10
7096,10
7097,10
7098,10
7099,10
7100,10
7101,10
7102,10
7103,10
7104,10
7105,10
7106,10
7107,10
7108,10
7109,10
7110,10
7111,10
7112,10
7113,10
7114,10
7115,10
7116,10
7117,10
7118,10
7119,10
7120,10
7121,10
7122,10
7123,10
7124,10
7125,10
7126,10
7127,10
7128,10
7129,10
7130,10
7131,10
7132,10
7133,10
7134,10
7135,10
7136,10
7137,10
7138,10
7139,10
7140,10
7141,10
7142,10
7143,10
7144,10
7145,10
7146,10
7147,10
7148,10
7149,10
7150,10
7151,10
7152,10
7153,10
7154,10
7155,10
7156,10
7157,10
7158,10
7159,10
7160,10
7161,10
7162,10
7163,10
7164,10
7165,10
7166,10
7167,10
7168,10
7169,10
7170,10
7171,10
7172,10
7173,10
7174,10
7175,10
7176,10
7177,10
7178,10
7179,10
7180,10
7181,10
7182,10
7183,10
7184,10
7185,10
7186,10
7187,10
7188,10
7189,10
7190,10
7191,10
7192,10
7193,10
7194,10
7195,10
7196,10
7197,10
7198,10
7199,10
7200,10
7201,10
7202,10
7203,10
7204,10
7205,10
7206,10
7207,10
7208,10
7209,10
7210,10
7211,10
7212,10
7213,10
7214,10
7215,10
7216,10
7217,10
7218,10
7219,10
7220,10
7221,10
7222,10
7223,10
7224,10
7225,10
7226,10
7227,10
7228,10
7229,10
7230,10
7231,10
7232,10
7233,10
7234,10
7235,10
7236,10
7237,10
7238,10
7239,10
7240,10
7241,10
7242,10
7243,10
7244,10
7245,10
7246,10
7247,10
7248,10
7249,10
7250,10
7251,10
7252,10
7253,10
7254,10
7255,10
7256,10
7257,10
7258,10
7259,10
7260,10
7261,10
7262,10
7263,10
7264,10
7265,10
7266,10
7267,10
7268,10
7269,10
7270,10
7271,10
7272,10
7273,10
7274,10
7275,10
7276,10
7277,10
7278,10
7279,10
7280,10
7281,10
7282,10
7283,10
7284,10
7285,10
7286,10
7287,10
7288,10
7289,10
7290,10
7291,10
7292,10
7293,10
7294,10
7295,10
7296,10
7297,10
7298,10
7299,10
7300,10
7301,10
7302,10
7303,10
7304,10
7305,10
7306,10
7307,10
7308,10
7309,10
7310,10
7311,10
7312,10
7313,10
7314,10
7315,10
7316,10
7317,10
7318,10
7319,10
7320,10
7321,10
7322,10
7323,10
7324,10
7325,10
7326,10
7327,10
7328,10
7329,10
7330,10
7331,10
7332,10
7333,10
7334,10
7335,10
7336,10
7337,10
7338,10
7339,10
7340,10
7341,10
7342,10
7343,10
7344,10
7345,10
7346,10
7347,10
7348,10
7349,10
7350,10
7351,10
7352,10
7353,10
7354,10
7355,10
7356,10
7357,10
7358,10
7359,10
7360,10
7361,10
7362,10
7363,10
7364,10
7365,10
7366,10
7367,10
7368,10
7369,10
7370,10
7371,10
7372,10
7373,10
7374,10
7375,10
7376,10
7377,10
7378,10
7379,10
7380,10
7381,10
7382,10
7383,10
7384,10
7385,10
7386,10
7387,10
7388,10
7389,10
7390,10
7391,10
7392,10
7393,10
7394,10
7395,10
7396,10
7397,10
7398,10
7399,10
7400,10
7401,10
7402,10
7403,10
7404,10
7405,10
7406,10
7407,10
7408,10
7409,10
7410,10
7411,10
7412,10
7413,10
7414,10
7415,10
7416,10
7417,10
7418,10
7419,10
7420,10
7421,10
7422,10
7423,10
7424,10
7425,10
7426,10
7427,10
7428,10
7429,10
7430,10
7431,10
7432,10
7433,10
7434,10
7435,10
7436,10
7437,10
7438,10
7439,10
7440,10
7441,10
7442,10
7443,10
7444,10
7445,10
7446,10
7447,10
7448,10
7449,10
7450,10
7451,10
7452,10
7453,10
7454,10
7455,10
7456,10
7457,10
7458,10
7459,10
7460,10
7461,10
7462,10
7463,10
7464,10
7465,10
7466,10
7467,10
7468,10
7469,10
7470,10
7471,10
7472,10
7473,10
7474,10
7475,10
7476,10
7477,10
7478,10
7479,10
7480,10
7481,10
7482,10
7483,10
7484,10
7485,10
7486,10
7487,10
7488,10
7489,10
7490,10
7491,10
7492,10
7493,10
7494,10
7495,10
7496,10
7497,10
7498,10
7499,10
7500,10
7501,10
7502,10
7503,10
7504,10
7505,10
7506,10
7507,10
7508,10
7509,10
7510,10
7511,10
7512,10
7513,10
7514,10
7515,10
7516,10
7517,10
7518,10
7519,10
7520,10
7521,10
7522,10
7523,10
7524,10
7525,10
7526,10
7527,10
7528,10
7529,10
7530,10
7531,10
7532,10
7533,10
7534,10
7535,10
7536,10
7537,10
7538,10
7539,10
7540,10
7541,10
7542,10
7543,10
7544,10
7545,10
7546,10
7547,10
7548,10
7549,10
7550,10
7551,10
7552,10
7553,10
7554,10
7555,10
7556,10
7557,10
7558,10
7559,10
7560,10
7561,10
7562,10
7563,10
7564,10
7565,10
7566,10
7567,10
7568,10
7569,10
7570,10
7571,10
7572,10
7573,10
7574,10
7575,10
7576,10
7577,10
7578,10
7579,10
7580,10
7581,10
7582,10
7583,10
7584,10
7585,10
7586,10
7587,10
7588,10
7589,10
7590,10
7591,10
7592,10
7593,10
7594,10
7595,10
7596,10
7597,10
7598,10
7599,10
7600,10
7601,10
7602,10
7603,10
7604,10
7605,10
7606,10
7607,10
7608,10
7609,10
7610,10
7611,10
7612,10
7613,10
7614,10
7615,10
7616,10
7617,10
7618,10
7619,10
7620,10
7621,10
7622,10
7623,10
7624,10
7625,10
7626,10
7627,10
7628,10
7629,10
7630,10
7631,10
7632,10
7633,10
7634,10
7635,10
7636,10
7637,10
7638,10
7639,10
7640,10
7641,10
7642,10
7643,10
7644,10
7645,10
7646,10
7647,10
7648,10
7649,10
7650,10
7651,10
7652,10
7653,10
7654,10
7655,10
7656,10
7657,10
7658,10
7659,10
7660,10
7661,10
7662,10
7663,10
7664,10
7665,10
7666,10
7667,10
7668,10
7669,10
7670,10
7671,10
7672,10
7673,10
7674,10
7675,10
7676,10
7677,10
7678,10
7679,10
7680,10
7681,10
7682,10
7683,10
7684,10
7685,10
7686,10
7687,10
7688,10
7689,10
7690,10
7691,10
7692,10
7693,10
7694,10
7695,10
7696,10
7697,10
7698,10
7699,10
7700,10
7701,10
7702,10
7703,10
7704,10
7705,10
7706,10
7707,10
7708,10
7709,10
7710,10
7711,10
7712,10
7713,10
7714,10
7715,10
7716,10
7717,10
7718,10
7719,10
7720,10
7721,10
7722,10
7723,10
7724,10
7725,10
7726,10
7727,10
7728,10
7729,10
7730,10
7731,10
7732,10
7733,10
7734,10
7735,10
7736,10
7737,10
7738,10
7739,10
7740,10
7741,10
7742,10
7743,10
7744,10
7745,10
7746,10
7747,10
7748,10
7749,10
7750,10
7751,10
7752,10
7753,10
7754,10
7755,10
7756,10
7757,10
7758,10
7759,10
7760,10
7761,10
7762,10
7763,10
7764,10
7765,10
7766,10
7767,10
7768,10
7769,10
7770,10
7771,10
7772,10
7773,10
7774,10
7775,10
7776,10
7777,10
7778,10
7779,10
7780,10
7781,10
7782,10
7783,10
7784,10
7785,10
7786,10
7787,10
7788,10
7789,10
7790,10
7791,10
7792,10
7793,10
7794,10
7795,10
7796,10
7797,10
7798,10
7799,10
7800,10
7801,10
7802,10
7803,10
7804,10
7805,10
7806,10
7807,10
7808,10
7809,10
7810,10
7811,10
7812,10
7813,10
7814,10
7815,10
7816,10
7817,10
7818,10
7819,10
7820,10
7821,10
7822,10
7823,10
7824,10
7825,10
7826,10
7827,10
7828,10
7829,10
7830,10
7831,10
7832,10
7833,10
7834,10
7835,10
7836,10
7837,10
7838,10
7839,10
7840,10
7841,10
7842,10
7843,10
7844,10
7845,10
7846,10
7847,10
7848,10
7849,10
7850,10
7851,10
7852,10
7853,10
7854,10
7855,10
7856,10
7857,10
7858,10
7859,10
7860,10
7861,10
7862,10
7863,10
7864,10
7865,10
7866,10
7867,10
7868,10
7869,10
7870,10
7871,10
7872,10
7873,10
7874,10
7875,10
7876,10
7877,10
7878,10
7879,10
7880,10
7881,10
7882,10
7883,10
7884,10
7885,10
7886,10
7887,10
7888,10
7889,10
7890,10
7891,10
7892,10
7893,10
7894,10
7895,10
7896,10
7897,10
7898,10
7899,10
7900,10
7901,10
7902,10
7903,10
7904,10
7905,10
7906,10
7907,10
7908,10
7909,10
7910,10
7911,10
7912,10
7913,10
7914,10
7915,10
7916,10
7917,10
7918,10
7919,10
7920,10
7921,10
7922,10
7923,10
7924,10
7925,10
7926,10
7927,10
7928,10
7929,10
7930,10
7931,10
7932,10
7933,10
7934,10
7935,10
7936,10
7937,10
7938,10
7939,10
7940,10
7941,10
7942,10
7943,10
7944,10
7945,10
7946,10
7947,10
7948,10
7949,10
7950,10
7951,10
7952,10
7953,10
7954,10
7955,10
7956,10
7957,10
7958,10
7959,10
7960,10
7961,10
7962,10
7963,10
7964,10
7965,10
7966,10
7967,10
7968,10
7969,10
7970,10
7971,10
7972,10
7973,10
7974,10
7975,10
7976,10
7977,10
7978,10
7979,10
7980,10
7981,10
7982,10
7983,10
7984,10
7985,10
7986,10
7987,10
7988,10
7989,10
7990,10
7991,10
7992,10
7993,10
7994,10
7995,10
7996,10
7997,10
7998,10
7999,10
8000,10
8001,10
8002,10
8003,10
8004,10
8005,10
8006,10
8007,10
8008,10
8009,10
8010,10
8011,10
8012,10
8013,10
8014,10
8015,10
8016,10
8017,10
8018,10
8019,10
8020,10
8021,10
8022,10
8023,10
8024,10
8025,10
8026,10
8027,10
8028,10
8029,10
8030,10
8031,10
8032,10
8033,10
8034,10
8035,10
8036,10
8037,10
8038,10
8039,10
8040,10
8041,10
8042,10
8043,10
8044,10
8045,10
8046,10
8047,10
8048,10
8049,10
8050,10
8051,10
8052,10
8053,10
8054,10
8055,10
8056,10
8057,10
8058,10
8059,10
8060,10
8061,10
8062,10
8063,10
8064,10
8065,10
8066,10
8067,10
8068,10
8069,10
8070,10
8071,10
8072,10
8073,10
8074,10
8075,10
8076,10
8077,10
8078,10
8079,10
8080,10
8081,10
8082,10
8083,10
8084,10
8085,10
8086,10
8087,10
8088,10
8089,10
8090,10
8091,10
8092,10
8093,10
8094,10
8095,10
8096,10
8097,10
8098,10
8099,10
8100,10
8101,10
8102,10
8103,10
8104,10
8105,10
8106,10
8107,10
8108,10
8109,10
8110,10
8111,10
8112,10
8113,10
8114,10
8115,10
8116,10
8117,10
8118,10
8119,10
8120,10
8121,10
8122,10
8123,10
8124,10
8125,10
8126,10
8127,10
8128,10
8129,10
8130,10
8131,10
8132,10
8133,10
8134,10
8135,10
8136,10
8137,10
8138,10
8139,10
8140,10
8141,10
8142,10
8143,10
8144,10
8145,10
8146,10
8147,10
8148,10
8149,10
8150,10
8151,10
8152,10
8153,10
8154,10
8155,10
8156,10
8157,10
8158,10
8159,10
8160,10
8161,10
8162,10
8163,10
8164,10
8165,10
8166,10
8167,10
8168,10
8169,10
8170,10
8171,10
8172,10
8173,10
8174,10
8175,10
8176,10
8177,10
8178,10
8179,10
8180,10
8181,10
8182,10
8183,10
8184,10
8185,10
8186,10
8187,10
8188,10
8189,10
8190,10
8191,10
8192,10
8193,10
8194,10
8195,10
8196,10
8197,10
8198,10
8199,10
8200,10
8201,10
8202,10
8203,10
8204,10
8205,10
8206,10
8207,10
8208,10
8209,10
8210,10
8211,10
8212,10
8213,10
8214,10
8215,10
8216,10
8217,10
8218,10
8219,10
8220,10
8221,10
8222,10
8223,10
8224,10
8225,10
8226,10
8227,10
8228,10
8229,10
8230,10
8231,10
8232,10
8233,10
8234,10
8235,10
8236,10
8237,10
8238,10
8239,10
8240,10
8241,10
8242,10
8243,10
8244,10
8245,10
8246,10
8247,10
8248,10
8249,10
8250,10
8251,10
8252,10
8253,10
8254,10
8255,10
8256,10
8257,10
8258,10
8259,10
8260,10
8261,10
8262,10
8263,10
8264,10
8265,10
8266,10
8267,10
8268,10
8269,10
8270,10
8271,10
8272,10
8273,10
8274,10
8275,10
8276,10
8277,10
8278,10
8279,10
8280,10
8281,10
8282,10
8283,10
8284,10
8285,10
8286,10
8287,10
8288,10
8289,10
8290,10
8291,10
8292,10
8293,10
8294,10
8295,10
8296,10
8297,10
8298,10
8299,10
8300,10
8301,10
8302,10
8303,10
8304,10
8305,10
8306,10
8307,10
8308,10
8309,10
8310,10
8311,10
8312,10
8313,10
8314,10
8315,10
8316,10
8317,10
8318,10
8319,10
8320,10
8321,10
8322,10
8323,10
8324,10
8325,10
8326,10
8327,10
8328,10
8329,10
8330,10
8331,10
8332,10
8333,10
8334,10
8335,10
8336,10
8337,10
8338,10
8339,10
8340,10
8341,10
8342,10
8343,10
8344,10
8345,10
8346,10
8347,10
8348,10
8349,10
8350,10
8351,10
8352,10
8353,10
8354,10
8355,10
8356,10
8357,10
8358,10
8359,10
8360,10
8361,10
8362,10
8363,10
8364,10
8365,10
8366,10
8367,10
8368,10
8369,10
8370,10
8371,10
8372,10
8373,10
8374,10
8375,10
8376,10
8377,10
8378,10
8379,10
8380,10
8381,10
8382,10
8383,10
8384,10
8385,10
8386,10
8387,10
8388,10
8389,10
8390,10
8391,10
8392,10
8393,10
8394,10
8395,10
8396,10
8397,10
8398,10
8399,10
8400,10
8401,10
8402,10
8403,10
8404,10
8405,10
8406,10
8407,10
8408,10
8409,10
8410,10
8411,10
8412,10
8413,10
8414,10
8415,10
8416,10
8417,10
8418,10
8419,10
8420,10
8421,10
8422,10
8423,10
8424,10
8425,10
8426,10
8427,10
8428,10
8429,10
8430,10
8431,10
8432,10
8433,10
8434,10
8435,10
8436,10
8437,10
8438,10
8439,10
8440,10
8441,10
8442,10
8443,10
8444,10
8445,10
8446,10
8447,10
8448,10
8449,10
8450,10
8451,10
8452,10
8453,10
8454,10
8455,10
8456,10
8457,10
8458,10
8459,10
8460,10
8461,10
8462,10
8463,10
8464,10
8465,10
8466,10
8467,10
8468,10
8469,10
8470,10
8471,10
8472,10
8473,10
8474,10
8475,10
8476,10
8477,10
8478,10
8479,10
8480,10
8481,10
8482,10
8483,10
8484,10
8485,10
8486,10
8487,10
8488,10
8489,10
8490,10
8491,10
8492,10
8493,10
8494,10
8495,10
8496,10
8497,10
8498,10
8499,10
8500,10
8501,10
8502,10
8503,10
8504,10
8505,10
8506,10
8507,10
8508,10
8509,10
8510,10
8511,10
8512,10
8513,10
8514,10
8515,10
8516,10
8517,10
8518,10
8519,10
8520,10
8521,10
8522,10
8523,10
8524,10
8525,10
8526,10
8527,10
8528,10
8529,10
8530,10
8531,10
8532,10
8533,10
8534,10
8535,10
8536,10
8537,10
8538,10
8539,10
8540,10
8541,10
8542,10
8543,10
8544,10
8545,10
8546,10
8547,10
8548,10
8549,10
8550,10
8551,10
8552,10
8553,10
8554,10
8555,10
8556,10
8557,10
8558,10
8559,10
8560,10
8561,10
8562,10
8563,10
8564,10
8565,10
8566,10
8567,10
8568,10
8569,10
8570,10
8571,10
8572,10
8573,10
8574,10
8575,10
8576,10
8577,10
8578,10
8579,10
8580,10
8581,10
8582,10
8583,10
8584,10
8585,10
8586,10
8587,10
8588,10
8589,10
8590,10
8591,10
8592,10
8593,10
8594,10
8595,10
8596,10
8597,10
8598,10
8599,10
8600,10
8601,10
8602,10
8603,10
8604,10
8605,10
8606,10
8607,10
8608,10
8609,10
8610,10
8611,10
8612,10
8613,10
8614,10
8615,10
8616,10
8617,10
8618,10
8619,10
8620,10
8621,10
8622,10
8623,10
8624,10
8625,10
8626,10
8627,10
8628,10
8629,10
8630,10
8631,10
8632,10
8633,10
8634,10
8635,10
8636,10
8637,10
8638,10
8639,10
8640,10
8641,10
8642,10
8643,10
8644,10
8645,10
8646,10
8647,10
8648,10
8649,10
8650,10
8651,10
8652,10
8653,10
8654,10
8655,10
8656,10
8657,10
8658,10
8659,10
8660,10
8661,10
8662,10
8663,10
8664,10
8665,10
8666,10
8667,10
8668,10
8669,10
8670,10
8671,10
8672,10
8673,10
8674,10
8675,10
8676,10
8677,10
8678,10
8679,10
8680,10
8681,10
8682,10
8683,10
8684,10
8685,10
8686,10
8687,10
8688,10
8689,10
8690,10
8691,10
8692,10
8693,10
8694,10
8695,10
8696,10
8697,10
8698,10
8699,10
8700,10
8701,10
8702,10
8703,10
8704,10
8705,10
8706,10
8707,10
8708,10
8709,10
8710,10
8711,10
8712,10
8713,10
8714,10
8715,10
8716,10
8717,10
8718,10
8719,10
8720,10
8721,10
8722,10
8723,10
8724,10
8725,10
8726,10
8727,10
8728,10
8729,10
8730,10
8731,10
8732,10
8733,10
8734,10
8735,10
8736,10
8737,10
8738,10
8739,10
8740,10
8741,10
8742,10
8743,10
8744,10
8745,10
8746,10
8747,10
8748,10
8749,10
8750,10
8751,10
8752,10
8753,10
8754,10
8755,10
8756,10
8757,10
8758,10
8759,10
8760,10
8761,10
8762,10
8763,10
8764,10
8765,10
8766,10
8767,10
8768,10
8769,10
8770,10
8771,10
8772,10
8773,10
8774,10
8775,10
8776,10
8777,10
8778,10
8779,10
8780,10
8781,10
8782,10
8783,10
8784,10
8785,10
8786,10
8787,10
8788,10
8789,10
8790,10
8791,10
8792,10
8793,10
8794,10
8795,10
8796,10
8797,10
8798,10
8799,10
8800,10
8801,10
8802,10
8803,10
8804,10
8805,10
8806,10
8807,10
8808,10
8809,10
8810,10
8811,10
8812,10
8813,10
8814,10
8815,10
8816,10
8817,10
8818,10
8819,10
8820,10
8821,10
8822,10
8823,10
8824,10
8825,10
8826,10
8827,10
8828,10
8829,10
8830,10
8831,10
8832,10
8833,10
8834,10
8835,10
8836,10
8837,10
8838,10
8839,10
8840,10
8841,10
8842,10
8843,10
8844,10
8845,10
8846,10
8847,10
8848,10
8849,10
8850,10
8851,10
8852,10
8853,10
8854,10
8855,10
8856,10
8857,10
8858,10
8859,10
8860,10
8861,10
8862,10
8863,10
8864,10
8865,10
8866,10
8867,10
8868,10
8869,10
8870,10
8871,10
8872,10
8873,10
8874,10
8875,10
8876,10
8877,10
8878,10
8879,10
8880,10
8881,10
8882,10
8883,10
8884,10
8885,10
8886,10
8887,10
8888,10
8889,10
8890,10
8891,10
8892,10
8893,10
8894,10
8895,10
8896,10
8897,10
8898,10
8899,10
8900,10
8901,10
8902,10
8903,10
8904,10
8905,10
8906,10
8907,10
8908,10
8909,10
8910,10
8911,10
8912,10
8913,10
8914,10
8915,10
8916,10
8917,10
8918,10
8919,10
8920,10
8921,10
8922,10
8923,10
8924,10
8925,10
8926,10
8927,10
8928,10
8929,10
8930,10
8931,10
8932,10
8933,10
8934,10
8935,10
8936,10
8937,10
8938,10
8939,10
8940,10
8941,10
8942,10
8943,10
8944,10
8945,10
8946,10
8947,10
8948,10
8949,10
8950,10
8951,10
8952,10
8953,10
8954,10
8955,10
8956,10
8957,10
8958,10
8959,10
8960,10
8961,10
8962,10
8963,10
8964,10
8965,10
8966,10
8967,10
8968,10
8969,10
8970,10
8971,10
8972,10
8973,10
8974,10
8975,10
8976,10
8977,10
8978,10
8979,10
8980,10
8981,10
8982,10
8983,10
8984,10
8985,10
8986,10
8987,10
8988,10
8989,10
8990,10
8991,10
8992,10
8993,10
8994,10
8995,10
8996,10
8997,10
8998,10
8999,10
9000,10
9001,10
9002,10
9003,10
9004,10
9005,10
9006,10
9007,10
9008,10
9009,10
9010,10
9011,10
9012,10
9013,10
9014,10
9015,10
9016,10
9017,10
9018,10
9019,10
9020,10
9021,10
9022,10
9023,10
9024,10
9025,10
9026,10
9027,10
9028,10
9029,10
9030,10
9031,10
9032,10
9033,10
9034,10
9035,10
9036,10
9037,10
9038,10
9039,10
9040,10
9041,10
9042,10
9043,10
9044,10
9045,10
9046,10
9047,10
9048,10
9049,10
9050,10
9051,10
9052,10
9053,10
9054,10
9055,10
9056,10
9057,10
9058,10
9059,10
9060,10
9061,10
9062,10
9063,10
9064,10
9065,10
9066,10
9067,10
9068,10
9069,10
9070,10
9071,10
9072,10
9073,10
9074,10
9075,10
9076,10
9077,10
9078,10
9079,10
9080,10
9081,10
9082,10
9083,10
9084,10
9085,10
9086,10
9087,10
9088,10
9089,10
9090,10
9091,10
9092,10
9093,10
9094,10
9095,10
9096,10
9097,10
9098,10
9099,10
9100,10
9101,10
9102,10
9103,10
9104,10
9105,10
9106,10
9107,10
9108,10
9109,10
9110,10
9111,10
9112,10
9113,10
9114,10
9115,10
9116,10
9117,10
9118,10
9119,10
9120,10
9121,10
9122,10
9123,10
9124,10
9125,10
9126,10
9127,10
9128,10
9129,10
9130,10
9131,10
9132,10
9133,10
9134,10
9135,10
9136,10
9137,10
9138,10
9139,10
9140,10
9141,10
9142,10
9143,10
9144,10
9145,10
9146,10
9147,10
9148,10
9149,10
9150,10
9151,10
9152,10
9153,10
9154,10
9155,10
9156,10
9157,10
9158,10
9159,10
9160,10
9161,10
9162,10
9163,10
9164,10
9165,10
9166,10
9167,10
9168,10
9169,10
9170,10
9171,10
9172,10
9173,10
9174,10
9175,10
9176,10
9177,10
9178,10
9179,10
9180,10
9181,10
9182,10
9183,10
9184,10
9185,10
9186,10
9187,10
9188,10
9189,10
9190,10
9191,10
9192,10
9193,10
9194,10
9195,10
9196,10
9197,10
9198,10
9199,10
9200,10
9201,10
9202,10
9203,10
9204,10
9205,10
9206,10
9207,10
9208,10
9209,10
9210,10
9211,10
9212,10
9213,10
9214,10
9215,10
9216,10
9217,10
9218,10
9219,10
9220,10
9221,10
9222,10
9223,10
9224,10
9225,10
9226,10
9227,10
9228,10
9229,10
9230,10
9231,10
9232,10
9233,10
9234,10
9235,10
9236,10
9237,10
9238,10
9239,10
9240,10
9241,10
9242,10
9243,10
9244,10
9245,10
9246,10
9247,10
9248,10
9249,10
9250,10
9251,10
9252,10
9253,10
9254,10
9255,10
9256,10
9257,10
9258,10
9259,10
9260,10
9261,10
9262,10
9263,10
9264,10
9265,10
9266,10
9267,10
9268,10
9269,10
9270,10
9271,10
9272,10
9273,10
9274,10
9275,10
9276,10
9277,10
9278,10
9279,10
9280,10
9281,10
9282,10
9283,10
9284,10
9285,10
9286,10
9287,10
9288,10
9289,10
9290,10
9291,10
9292,10
9293,10
9294,10
9295,10
9296,10
9297,10
9298,10
9299,10
9300,10
9301,10
9302,10
9303,10
9304,10
9305,10
9306,10
9307,10
9308,10
9309,10
9310,10
9311,10
9312,10
9313,10
9314,10
9315,10
9316,10
9317,10
9318,10
9319,10
9320,10
9321,10
9322,10
9323,10
9324,10
9325,10
9326,10
9327,10
9328,10
9329,10
9330,10
9331,10
9332,10
9333,10
9334,10
9335,10
9336,10
9337,10
9338,10
9339,10
9340,10
9341,10
9342,10
9343,10
9344,10
9345,10
9346,10
9347,10
9348,10
9349,10
9350,10
9351,10
9352,10
9353,10
9354,10
9355,10
9356,10
9357,10
9358,10
9359,10
9360,10
9361,10
9362,10
9363,10
9364,10
9365,10
9366,10
9367,10
9368,10
9369,10
9370,10
9371,10
9372,10
9373,10
9374,10
9375,10
9376,10
9377,10
9378,10
9379,10
9380,10
9381,10
9382,10
9383,10
9384,10
9385,10
9386,10
9387,10
9388,10
9389,10
9390,10
9391,10
9392,10
9393,10
9394,10
9395,10
9396,10
9397,10
9398,10
9399,10
9400,10
9401,10
9402,10
9403,26
9404,26
9405,26
9406,26
9407,26
9408,26
9409,26
9410,26
9411,26
9412,26
9413,26
9414,26
9415,26
9416,26
9417,26
9418,26
9419,26
9420,26
9421,26
9422,26
9423,26
9424,26
9425,26
9426,26
9427,26
9428,26
9429,26
9430,26
9431,26
9432,26
9433,26
9434,26
9435,26
9436,26
9437,26
9438,26
9439,26
9440,26
9441,26
9442,26
9443,26
9444,26
9445,26
9446,26
9447,26
9448,26
9449,26
9450,26
9451,26
9452,26
9453,26
9454,26
9455,26
9456,26
9457,26
9458,26
9459,26
9460,26
9461,26
9462,26
9463,26
9464,26
9465,26
9466,26
9467,26
9468,26
9469,26
9470,26
9471,26
9472,26
9473,26
9474,26
9475,26
9476,26
9477,26
9478,26
9479,26
9480,26
9481,26
9482,26
9483,26
9484,26
9485,26
9486,26
9487,26
9488,26
9489,26
9490,26
9491,26
9492,26
9493,26
9494,26
9495,26
9496,26
9497,26
9498,26
9499,26
9500,26
9501,26
9502,26
9503,26
9504,26
9505,26
9506,26
9507,26
9508,26
9509,26
9510,26
9511,26
9512,26
9513,26
9514,26
9515,26
9516,26
9517,26
9518,26
9519,26
9520,26
9521,26
9522,26
9523,26
9524,26
9525,26
9526,26
9527,26
9528,26
9529,26
9530,26
9531,26
9532,26
9533,26
9534,26
9535,26
9536,26
9537,26
9538,26
9539,26
9540,26
9541,26
9542,26
9543,26
9544,26
9545,26
9546,26
9547,26
9548,26
9549,26
9550,26
9551,26
9552,26
9553,26
9554,26
9555,26
9556,26
9557,26
9558,26
9559,26
9560,26
9561,26
9562,26
9563,26
9564,26
9565,26
9566,26
9567,26
9568,26
9569,26
9570,26
9571,26
9572,26
9573,26
9574,26
9575,26
9576,26
9577,26
9578,26
9579,26
9580,26
9581,26
9582,26
9583,26
9584,26
9585,26
9586,26
9587,26
9588,26
9589,26
9590,26
9591,26
9592,26
9593,26
9594,26
9595,26
9596,26
9597,26
9598,26
9599,26
9600,26
9601,26
9602,26
9603,26
9604,26
9605,26
9606,26
9607,26
9608,26
9609,26
9610,26
9611,26
9612,26
9613,26
9614,26
9615,26
9616,26
9617,26
9618,26
9619,26
9620,26
9621,26
9622,26
9623,26
9624,26
9625,26
9626,26
9627,26
9628,26
9629,26
9630,26
9631,26
9632,26
9633,26
9634,26
9635,26
9636,26
9637,26
9638,26
9639,26
9640,26
9641,26
9642,26
9643,26
9644,26
9645,26
9646,26
9647,26
9648,26
9649,26
9650,26
9651,26
9652,26
9653,26
9654,26
9655,26
9656,26
9657,26
9658,26
9659,26
9660,26
9661,26
9662,26
9663,26
9664,26
9665,26
9666,26
9667,26
9668,26
9669,26
9670,26
9671,26
9672,26
9673,26
9674,26
9675,26
9676,26
9677,26
9678,26
9679,26
9680,26
9681,26
9682,26
9683,26
9684,26
9685,26
9686,26
9687,26
9688,26
9689,26
9690,26
9691,26
9692,26
9693,26
9694,26
9695,26
9696,26
9697,26
9698,26
9699,26
9700,26
9701,26
9702,26
9703,26
9704,26
9705,26
9706,26
9707,26
9708,26
9709,26
9710,26
9711,26
9712,26
9713,26
9714,26
9715,26
9716,11
9717,11
9718,11
9719,11
9720,11
9721,11
9722,11
9723,11
9724,11
9725,11
9726,11
9727,11
9728,11
9729,11
9730,11
9731,11
9732,11
9733,11
9734,11
9735,11
9736,11
9737,11
9738,11
9739,11
9740,11
9741,11
9742,11
9743,11
9744,11
9745,11
9746,11
9747,11
9748,11
9749,11
9750,11
9751,11
9752,11
9753,11
9754,11
9755,11
9756,11
9757,11
9758,11
9759,11
9760,11
9761,11
9762,11
9763,11
9764,11
9765,11
9766,11
9767,11
9768,11
9769,11
9770,11
9771,11
9772,11
9773,11
9774,11
9775,11
9776,11
9777,11
9778,11
9779,11
9780,11
9781,11
9782,11
9783,11
9784,11
9785,11
9786,11
9787,11
9788,11
9789,11
9790,11
9791,11
9792,11
9793,11
9794,11
9795,11
9796,11
9797,11
9798,11
9799,11
9800,11
9801,11
9802,11
9803,11
9804,11
9805,11
9806,11
9807,11
9808,11
9809,11
9810,11
9811,11
9812,11
9813,11
9814,11
9815,11
9816,11
9817,11
9818,11
9819,11
9820,11
9821,11
9822,11
9823,11
9824,11
9825,11
9826,11
9827,11
9828,11
9829,11
9830,11
9831,11
9832,11
9833,11
9834,11
9835,11
9836,11
9837,11
9838,11
9839,11
9840,11
9841,11
9842,11
9843,11
9844,11
9845,11
9846,11
9847,11
9848,11
9849,11
9850,11
9851,11
9852,11
9853,11
9854,11
9855,11
9856,11
9857,11
9858,11
9859,11
9860,11
9861,11
9862,11
9863,11
9864,11
9865,11
9866,11
9867,11
9868,11
9869,11
9870,11
9871,11
9872,11
9873,11
9874,11
9875,11
9876,11
9877,11
9878,11
9879,11
9880,11
9881,11
9882,11
9883,11
9884,11
9885,11
9886,11
9887,11
9888,11
9889,11
9890,11
9891,11
9892,11
9893,11
9894,11
9895,11
9896,11
9897,11
9898,11
9899,11
9900,11
9901,11
9902,11
9903,11
9904,11
9905,11
9906,11
9907,11
9908,11
9909,11
9910,11
9911,11
9912,11
9913,11
9914,11
9915,11
9916,11
9917,11
9918,11
9919,11
9920,11
9921,11
9922,11
9923,11
9924,11
9925,11
9926,11
9927,11
9928,11
9929,11
9930,11
9931,11
9932,11
9933,11
9934,11
9935,11
9936,11
9937,11
9938,11
9939,11
9940,11
9941,11
9942,11
9943,11
9944,11
9945,11
9946,11
9947,11
9948,11
9949,11
9950,11
9951,11
9952,11
9953,11
9954,11
9955,11
9956,11
9957,11
9958,11
9959,11
9960,11
9961,11
9962,11
9963,11
9964,11
9965,11
9966,11
9967,11
9968,11
9969,11
9970,11
9971,11
9972,11
9973,11
9974,11
9975,11
9976,11
9977,11
9978,11
9979,11
9980,11
9981,11
9982,11
9983,11
9984,11
9985,11
9986,11
9987,11
9988,11
9989,11
9990,11
9991,11
9992,11
9993,11
9994,11
9995,11
9996,11
9997,11
9998,11
9999,11
